<?xml version="1.0" encoding="UTF-8" ?>
<!-- This is a WordPress eXtended RSS file generated by WordPress as an export of your site. -->
<!-- It contains information about your site's posts, pages, comments, categories, and other content. -->
<!-- You may use this file to transfer that content from one site to another. -->
<!-- This file is not intended to serve as a complete backup of your site. -->

<!-- To import this information into a WordPress site follow these steps: -->
<!-- 1. Log in to that site as an administrator. -->
<!-- 2. Go to Tools: Import in the WordPress admin panel. -->
<!-- 3. Install the "WordPress" importer from the list. -->
<!-- 4. Activate & Run Importer. -->
<!-- 5. Upload this file using the form provided on that page. -->
<!-- 6. You will first be asked to map the authors in this export file to users -->
<!--    on the site. For each author, you may choose to map to an -->
<!--    existing user on the site or to create a new user. -->
<!-- 7. WordPress will then import each of the posts, pages, comments, categories, etc. -->
<!--    contained in this file into your site. -->

<!-- generator="WordPress/5.0.3" created="2019-02-16 02:47" -->
<rss version="2.0"
	xmlns:excerpt="http://wordpress.org/export/1.2/excerpt/"
	xmlns:content="http://purl.org/rss/1.0/modules/content/"
	xmlns:wfw="http://wellformedweb.org/CommentAPI/"
	xmlns:dc="http://purl.org/dc/elements/1.1/"
	xmlns:wp="http://wordpress.org/export/1.2/"
>

<channel>
	<title>ridestyle</title>
	<link>http://7uptheme.com/wordpress/ridestyle</link>
	<description>Just another WordPress site</description>
	<pubDate>Sat, 16 Feb 2019 02:47:11 +0000</pubDate>
	<language>en-US</language>
	<wp:wxr_version>1.2</wp:wxr_version>
	<wp:base_site_url>http://7uptheme.com/wordpress/ridestyle</wp:base_site_url>
	<wp:base_blog_url>http://7uptheme.com/wordpress/ridestyle</wp:base_blog_url>

	<wp:author><wp:author_id>1</wp:author_id><wp:author_login><![CDATA[ridestyle]]></wp:author_login><wp:author_email><![CDATA[contact.7uptheme@gmail.com]]></wp:author_email><wp:author_display_name><![CDATA[ridestyle]]></wp:author_display_name><wp:author_first_name><![CDATA[]]></wp:author_first_name><wp:author_last_name><![CDATA[]]></wp:author_last_name></wp:author>


	<generator>https://wordpress.org/?v=5.0.3</generator>

	<item>
		<title>Footer 1</title>
		<link>http://7uptheme.com/wordpress/ridestyle/s7upf_footer/footer-1/</link>
		<pubDate>Fri, 28 Dec 2018 04:37:34 +0000</pubDate>
		<dc:creator><![CDATA[ridestyle]]></dc:creator>
		<guid isPermaLink="false">http://7uptheme.com/wordpress/ridestyle/?post_type=s7upf_footer&#038;p=13</guid>
		<description></description>
		<content:encoded><![CDATA[[vc_row full_width="stretch_row" el_class="block-newsletter1" css=".vc_custom_1545988923608{background-image: url(http://7uptheme.com/wordpress/ridestyle/wp-content/uploads/2018/12/bg-email.jpg?id=76) !important;}"][vc_column][s7upf_information el_class="title-newsletter1"]
<h2 class="title30 lora-font font-bold text-center">Join Our Newsletter</h2>
[/s7upf_information][s7upf_mailchimp placeholder="Email..." submit="Subscribe Now" form_id="142"][sv_custom_link style="custom-link-icon" display="list-inline-block" effect="float" list_icon="%5B%7B%22style%22%3A%22default%22%2C%22icon%22%3A%22la%20la-pinterest%22%2C%22link%22%3A%22https%3A%2F%2Fwww.pinterest.com%2F%22%2C%22icon_color%22%3A%22black%22%2C%22bg_color%22%3A%22transparent%22%7D%2C%7B%22style%22%3A%22default%22%2C%22icon%22%3A%22la%20la-google-plus%22%2C%22link%22%3A%22https%3A%2F%2Fplus.google.com%2F%22%2C%22icon_color%22%3A%22black%22%2C%22bg_color%22%3A%22transparent%22%7D%2C%7B%22style%22%3A%22default%22%2C%22icon%22%3A%22la%20la-twitter%22%2C%22link%22%3A%22https%3A%2F%2Ftwitter.com%2F%22%2C%22icon_color%22%3A%22black%22%2C%22bg_color%22%3A%22transparent%22%7D%2C%7B%22style%22%3A%22default%22%2C%22icon%22%3A%22la%20la-vimeo%22%2C%22link%22%3A%22https%3A%2F%2Fvimeo.com%2F%22%2C%22icon_color%22%3A%22black%22%2C%22bg_color%22%3A%22transparent%22%7D%2C%7B%22style%22%3A%22default%22%2C%22icon%22%3A%22la%20la-youtube%22%2C%22link%22%3A%22https%3A%2F%2Fwww.youtube.com%2F%22%2C%22icon_color%22%3A%22black%22%2C%22bg_color%22%3A%22transparent%22%7D%5D" el_class="list-social-network1 text-center"][/vc_column][/vc_row][vc_row full_width="stretch_row" el_class="main-footer1"][vc_column width="1/2" offset="vc_col-md-3 vc_col-ss-6"][s7upf_information el_class="box-menu-footer1"]
<h3 class="title18 lora-font font-bold">ridestyle Make Up</h3>
<ul class="list-none list-menu-footer">
 	<li><a href="http://7uptheme.com/wordpress/ridestyle/about/">About Us</a></li>
 	<li><a href="http://7uptheme.com/wordpress/ridestyle/contact/">Contact us</a></li>
 	<li><a href="#">Make Up Franchising</a></li>
 	<li><a href="#">Terms and conditions</a></li>
 	<li><a href="#">Privacy Policy</a></li>
 	<li><a href="#">Orders and Returns</a></li>
 	<li><a href="#">Site Map</a></li>
</ul>
[/s7upf_information][/vc_column][vc_column width="1/2" offset="vc_col-md-3 vc_col-ss-6"][s7upf_information el_class="box-menu-footer1"]
<h3 class="title18 lora-font font-bold">Information</h3>
<ul class="list-none list-menu-footer">
 	<li><a href="#">Payment methods</a></li>
 	<li><a href="#">Times and shipping costs</a></li>
 	<li><a href="#">Product Returns</a></li>
 	<li><a href="#">Shipping methods</a></li>
 	<li><a href="#">Conformity of the products</a></li>
 	<li><a href="#">100% Made in Italy</a></li>
 	<li><a href="#">Store Policy</a></li>
</ul>
[/s7upf_information][/vc_column][vc_column width="1/2" offset="vc_col-md-3 vc_col-ss-6"][s7upf_information el_class="box-tag-footer1"]
<h3 class="title18 lora-font font-bold">Tags</h3>
<ul class="list-inline-block list-tags">
 	<li><a href="#">Skincare</a></li>
 	<li><a href="#">Lotion</a></li>
 	<li><a href="#">Lipstick</a></li>
 	<li><a href="#">Cosmetics</a></li>
 	<li><a href="#">Eyeshadow</a></li>
 	<li><a href="#">Base Makeup</a></li>
 	<li><a href="#">Nail</a></li>
 	<li><a href="#">Mask</a></li>
 	<li><a href="#">Mascara</a></li>
 	<li><a href="#">Body</a></li>
 	<li><a href="#">Sapa</a></li>
 	<li><a href="#">Hair</a></li>
 	<li><a href="#">Beauty</a></li>
 	<li><a href="#">Eye essence</a></li>
 	<li><a href="#">Video guide</a></li>
</ul>
[/s7upf_information][/vc_column][vc_column width="1/2" offset="vc_col-md-3 vc_col-ss-6"][s7upf_information el_class="box-location-footer1"]
<h3 class="title18 lora-font font-bold">Location</h3>
<ul class="list-none">
 	<li>
<p class="desc">Room 808, Building CT-16 Dinh Cong, Hoang Mai, Hanoi</p>
</li>
 	<li>
<p class="desc">Email: <a href="mailto:contact.7uptheme@gmail.com">Contact.7uptheme@gmail.com</a></p>
</li>
 	<li>
<p class="desc">Call: <a href="telto:0989 177 556">0989 177 556</a></p>
</li>
</ul>
[/s7upf_information][sv_custom_link style="custom-link-image" display="list-inline-block" effect="float-shadow" list_image="%5B%7B%22style%22%3A%22default%22%2C%22image%22%3A%22147%22%2C%22link%22%3A%22%23%22%7D%2C%7B%22style%22%3A%22default%22%2C%22image%22%3A%22148%22%2C%22link%22%3A%22%23%22%7D%2C%7B%22style%22%3A%22default%22%2C%22image%22%3A%22149%22%2C%22link%22%3A%22%23%22%7D%5D" el_class="payment-method1"][/vc_column][/vc_row][vc_row full_width="stretch_row" el_class="footer-bottom1"][vc_column][s7upf_information el_class="copyright1"]
<p class="desc white text-center">© ridestyle Professional Cosmetics, Inc. All worldwide rights reserved. <span class="silver">Design by:</span> <a class="white" href="http://7uptheme.com">7uptheme.com</a></p>
[/s7upf_information][/vc_column][/vc_row]]]></content:encoded>
		<excerpt:encoded><![CDATA[]]></excerpt:encoded>
		<wp:post_id>13</wp:post_id>
		<wp:post_date><![CDATA[2018-12-28 04:37:34]]></wp:post_date>
		<wp:post_date_gmt><![CDATA[2018-12-28 04:37:34]]></wp:post_date_gmt>
		<wp:comment_status><![CDATA[closed]]></wp:comment_status>
		<wp:ping_status><![CDATA[closed]]></wp:ping_status>
		<wp:post_name><![CDATA[footer-1]]></wp:post_name>
		<wp:status><![CDATA[publish]]></wp:status>
		<wp:post_parent>0</wp:post_parent>
		<wp:menu_order>0</wp:menu_order>
		<wp:post_type><![CDATA[s7upf_footer]]></wp:post_type>
		<wp:post_password><![CDATA[]]></wp:post_password>
		<wp:is_sticky>0</wp:is_sticky>
		<wp:postmeta>
			<wp:meta_key><![CDATA[_edit_last]]></wp:meta_key>
			<wp:meta_value><![CDATA[1]]></wp:meta_value>
		</wp:postmeta>
		<wp:postmeta>
			<wp:meta_key><![CDATA[_wpb_vc_js_status]]></wp:meta_key>
			<wp:meta_value><![CDATA[false]]></wp:meta_value>
		</wp:postmeta>
		<wp:postmeta>
			<wp:meta_key><![CDATA[_wpb_shortcodes_custom_css]]></wp:meta_key>
			<wp:meta_value><![CDATA[.vc_custom_1545988923608{background-image: url(http://7uptheme.com/wordpress/ridestyle/wp-content/uploads/2018/12/bg-email.jpg?id=76) !important;}]]></wp:meta_value>
		</wp:postmeta>
	</item>
	<item>
		<title>Footer 2</title>
		<link>http://7uptheme.com/wordpress/ridestyle/s7upf_footer/footer-2/</link>
		<pubDate>Mon, 07 Jan 2019 01:22:18 +0000</pubDate>
		<dc:creator><![CDATA[ridestyle]]></dc:creator>
		<guid isPermaLink="false">http://7uptheme.com/wordpress/ridestyle/?post_type=s7upf_footer&#038;p=318</guid>
		<description></description>
		<content:encoded><![CDATA[[vc_row full_width="stretch_row"][vc_column][flex_wrapper el_class="wrap-service2"][s7upf_information style="info-service2" icon="la la-truck" title="Free Shipping" desc="Orders over € 90.00"][/s7upf_information][s7upf_information style="info-service2" icon="la la-thumbs-o-up" title="100% Made In Italy" desc="Respecting natur"][/s7upf_information][s7upf_information style="info-service2" icon="la la-unlock" title="Safety And Quality" desc="Delivery within 3-4 business days"][/s7upf_information][/flex_wrapper][/vc_column][/vc_row][vc_row el_class="block-newsletter2"][vc_column width="2/3"][flex_wrapper align_items="center" el_class="wrap-mailchimp2"][s7upf_information el_class="title-newsletter2"]
<h2 class="title18 lora-font font-bold text-center">Join Our Newsletter</h2>
[/s7upf_information][s7upf_mailchimp placeholder="Email..." submit="Subscribe Now" form_id="142"][/flex_wrapper][/vc_column][vc_column width="1/3"][sv_custom_link style="custom-link-icon" display="list-inline-block" effect="float" list_icon="%5B%7B%22style%22%3A%22default%22%2C%22icon%22%3A%22la%20la-pinterest%22%2C%22link%22%3A%22https%3A%2F%2Fwww.pinterest.com%2F%22%2C%22icon_color%22%3A%22black%22%2C%22bg_color%22%3A%22transparent%22%7D%2C%7B%22style%22%3A%22default%22%2C%22icon%22%3A%22la%20la-google-plus%22%2C%22link%22%3A%22https%3A%2F%2Fplus.google.com%2F%22%2C%22icon_color%22%3A%22black%22%2C%22bg_color%22%3A%22transparent%22%7D%2C%7B%22style%22%3A%22default%22%2C%22icon%22%3A%22la%20la-twitter%22%2C%22link%22%3A%22https%3A%2F%2Ftwitter.com%2F%22%2C%22icon_color%22%3A%22black%22%2C%22bg_color%22%3A%22transparent%22%7D%2C%7B%22style%22%3A%22default%22%2C%22icon%22%3A%22la%20la-vimeo%22%2C%22link%22%3A%22https%3A%2F%2Fvimeo.com%2F%22%2C%22icon_color%22%3A%22black%22%2C%22bg_color%22%3A%22transparent%22%7D%2C%7B%22style%22%3A%22default%22%2C%22icon%22%3A%22la%20la-youtube%22%2C%22link%22%3A%22https%3A%2F%2Fwww.youtube.com%2F%22%2C%22icon_color%22%3A%22black%22%2C%22bg_color%22%3A%22transparent%22%7D%5D" el_class="list-social-network1 text-right"][/vc_column][/vc_row][vc_row][vc_column][s7upf_information el_class="line-footer"]

<hr />

[/s7upf_information][/vc_column][/vc_row][vc_row full_width="stretch_row" el_class="main-footer1"][vc_column width="1/2" offset="vc_col-md-3 vc_col-ss-6"][s7upf_information el_class="box-menu-footer1"]
<h3 class="title18 lora-font font-bold">ridestyle Make Up</h3>
<ul class="list-none list-menu-footer">
 	<li><a href="http://7uptheme.com/wordpress/ridestyle/about/">About Us</a></li>
 	<li><a href="http://7uptheme.com/wordpress/ridestyle/contact/">Contact us</a></li>
 	<li><a href="#">Make Up Franchising</a></li>
 	<li><a href="#">Terms and conditions</a></li>
 	<li><a href="#">Privacy Policy</a></li>
 	<li><a href="#">Orders and Returns</a></li>
 	<li><a href="#">Site Map</a></li>
</ul>
[/s7upf_information][/vc_column][vc_column width="1/2" offset="vc_col-md-3 vc_col-ss-6"][s7upf_information el_class="box-menu-footer1"]
<h3 class="title18 lora-font font-bold">Information</h3>
<ul class="list-none list-menu-footer">
 	<li><a href="#">Payment methods</a></li>
 	<li><a href="#">Times and shipping costs</a></li>
 	<li><a href="#">Product Returns</a></li>
 	<li><a href="#">Shipping methods</a></li>
 	<li><a href="#">Conformity of the products</a></li>
 	<li><a href="#">100% Made in Italy</a></li>
 	<li><a href="#">Store Policy</a></li>
</ul>
[/s7upf_information][/vc_column][vc_column width="1/2" offset="vc_col-md-3 vc_col-ss-6"][s7upf_information el_class="box-tag-footer1"]
<h3 class="title18 lora-font font-bold">Tags</h3>
<ul class="list-inline-block list-tags">
 	<li><a href="#">Skincare</a></li>
 	<li><a href="#">Lotion</a></li>
 	<li><a href="#">Lipstick</a></li>
 	<li><a href="#">Cosmetics</a></li>
 	<li><a href="#">Eyeshadow</a></li>
 	<li><a href="#">Base Makeup</a></li>
 	<li><a href="#">Nail</a></li>
 	<li><a href="#">Mask</a></li>
 	<li><a href="#">Mascara</a></li>
 	<li><a href="#">Body</a></li>
 	<li><a href="#">Sapa</a></li>
 	<li><a href="#">Hair</a></li>
 	<li><a href="#">Beauty</a></li>
 	<li><a href="#">Eye essence</a></li>
 	<li><a href="#">Video guide</a></li>
</ul>
[/s7upf_information][/vc_column][vc_column width="1/2" offset="vc_col-md-3 vc_col-ss-6"][s7upf_information el_class="box-location-footer1"]
<h3 class="title18 lora-font font-bold">Location</h3>
<ul class="list-none">
 	<li>
<p class="desc">Room 808, Building CT-16 Dinh Cong, Hoang Mai, Hanoi</p>
</li>
 	<li>
<p class="desc">Email: <a href="mailto:contact.7uptheme@gmail.com">Contact.7uptheme@gmail.com</a></p>
</li>
 	<li>
<p class="desc">Call: <a href="telto:0989 177 556">0989 177 556</a></p>
</li>
</ul>
[/s7upf_information][sv_custom_link style="custom-link-image" display="list-inline-block" effect="float-shadow" list_image="%5B%7B%22style%22%3A%22default%22%2C%22image%22%3A%22147%22%2C%22link%22%3A%22%23%22%7D%2C%7B%22style%22%3A%22default%22%2C%22image%22%3A%22148%22%2C%22link%22%3A%22%23%22%7D%2C%7B%22style%22%3A%22default%22%2C%22image%22%3A%22149%22%2C%22link%22%3A%22%23%22%7D%5D" el_class="payment-method1"][/vc_column][/vc_row][vc_row full_width="stretch_row" el_class="footer-bottom1"][vc_column][s7upf_information el_class="copyright1"]
<p class="desc white text-center">© ridestyle Professional Cosmetics, Inc. All worldwide rights reserved. <span class="silver">Design by:</span> <a class="white" href="http://7uptheme.com">7uptheme.com</a></p>
[/s7upf_information][/vc_column][/vc_row]]]></content:encoded>
		<excerpt:encoded><![CDATA[]]></excerpt:encoded>
		<wp:post_id>318</wp:post_id>
		<wp:post_date><![CDATA[2019-01-07 01:22:18]]></wp:post_date>
		<wp:post_date_gmt><![CDATA[2019-01-07 01:22:18]]></wp:post_date_gmt>
		<wp:comment_status><![CDATA[closed]]></wp:comment_status>
		<wp:ping_status><![CDATA[closed]]></wp:ping_status>
		<wp:post_name><![CDATA[footer-2]]></wp:post_name>
		<wp:status><![CDATA[publish]]></wp:status>
		<wp:post_parent>0</wp:post_parent>
		<wp:menu_order>0</wp:menu_order>
		<wp:post_type><![CDATA[s7upf_footer]]></wp:post_type>
		<wp:post_password><![CDATA[]]></wp:post_password>
		<wp:is_sticky>0</wp:is_sticky>
		<wp:postmeta>
			<wp:meta_key><![CDATA[_edit_last]]></wp:meta_key>
			<wp:meta_value><![CDATA[1]]></wp:meta_value>
		</wp:postmeta>
		<wp:postmeta>
			<wp:meta_key><![CDATA[_wpb_vc_js_status]]></wp:meta_key>
			<wp:meta_value><![CDATA[false]]></wp:meta_value>
		</wp:postmeta>
		<wp:postmeta>
			<wp:meta_key><![CDATA[_wpb_shortcodes_custom_css]]></wp:meta_key>
			<wp:meta_value><![CDATA[]]></wp:meta_value>
		</wp:postmeta>
	</item>
	<item>
		<title>Footer 3</title>
		<link>http://7uptheme.com/wordpress/ridestyle/s7upf_footer/footer-3/</link>
		<pubDate>Tue, 08 Jan 2019 01:20:44 +0000</pubDate>
		<dc:creator><![CDATA[ridestyle]]></dc:creator>
		<guid isPermaLink="false">http://7uptheme.com/wordpress/ridestyle/?post_type=s7upf_footer&#038;p=377</guid>
		<description></description>
		<content:encoded><![CDATA[[vc_row full_width="stretch_row" el_class="service-footer3" css=".vc_custom_1546910691251{background-color: #f4f4f4 !important;}"][vc_column][flex_wrapper el_class="wrap-service2"][s7upf_information style="info-service2" icon="la la-truck" title="Free Shipping" desc="Orders over € 90.00"][/s7upf_information][s7upf_information style="info-service2" icon="la la-thumbs-o-up" title="100% Made In Italy" desc="Respecting natur"][/s7upf_information][s7upf_information style="info-service2" icon="la la-unlock" title="Safety And Quality" desc="Delivery within 3-4 business days"][/s7upf_information][/flex_wrapper][/vc_column][/vc_row][vc_row full_width="stretch_row" el_class="block-newsletter2" css=".vc_custom_1546910721232{background-color: #f4f4f4 !important;}"][vc_column width="2/3"][flex_wrapper align_items="center" el_class="wrap-mailchimp2"][s7upf_information el_class="title-newsletter2"]
<h2 class="title18 lora-font font-bold text-center">Join Our Newsletter</h2>
[/s7upf_information][s7upf_mailchimp placeholder="Email..." submit="Subscribe Now" form_id="142"][/flex_wrapper][/vc_column][vc_column width="1/3"][sv_custom_link style="custom-link-icon" display="list-inline-block" effect="float" list_icon="%5B%7B%22style%22%3A%22default%22%2C%22icon%22%3A%22la%20la-pinterest%22%2C%22link%22%3A%22https%3A%2F%2Fwww.pinterest.com%2F%22%2C%22icon_color%22%3A%22black%22%2C%22bg_color%22%3A%22transparent%22%7D%2C%7B%22style%22%3A%22default%22%2C%22icon%22%3A%22la%20la-google-plus%22%2C%22link%22%3A%22https%3A%2F%2Fplus.google.com%2F%22%2C%22icon_color%22%3A%22black%22%2C%22bg_color%22%3A%22transparent%22%7D%2C%7B%22style%22%3A%22default%22%2C%22icon%22%3A%22la%20la-twitter%22%2C%22link%22%3A%22https%3A%2F%2Ftwitter.com%2F%22%2C%22icon_color%22%3A%22black%22%2C%22bg_color%22%3A%22transparent%22%7D%2C%7B%22style%22%3A%22default%22%2C%22icon%22%3A%22la%20la-vimeo%22%2C%22link%22%3A%22https%3A%2F%2Fvimeo.com%2F%22%2C%22icon_color%22%3A%22black%22%2C%22bg_color%22%3A%22transparent%22%7D%2C%7B%22style%22%3A%22default%22%2C%22icon%22%3A%22la%20la-youtube%22%2C%22link%22%3A%22https%3A%2F%2Fwww.youtube.com%2F%22%2C%22icon_color%22%3A%22black%22%2C%22bg_color%22%3A%22transparent%22%7D%5D" el_class="list-social-network1 text-right"][/vc_column][/vc_row][vc_row full_width="stretch_row" css=".vc_custom_1546910830549{background-color: #f4f4f4 !important;}"][vc_column][s7upf_information el_class="line-footer"]

<hr />

[/s7upf_information][/vc_column][/vc_row][vc_row full_width="stretch_row" el_class="main-footer1" css=".vc_custom_1546910761025{background-color: #f4f4f4 !important;}"][vc_column width="1/2" offset="vc_col-md-3 vc_col-ss-6"][s7upf_information el_class="box-menu-footer1"]
<h3 class="title18 lora-font font-bold">ridestyle Make Up</h3>
<ul class="list-none list-menu-footer">
 	<li><a href="http://7uptheme.com/wordpress/ridestyle/about/">About Us</a></li>
 	<li><a href="http://7uptheme.com/wordpress/ridestyle/contact/">Contact us</a></li>
 	<li><a href="#">Make Up Franchising</a></li>
 	<li><a href="#">Terms and conditions</a></li>
 	<li><a href="#">Privacy Policy</a></li>
 	<li><a href="#">Orders and Returns</a></li>
 	<li><a href="#">Site Map</a></li>
</ul>
[/s7upf_information][/vc_column][vc_column width="1/2" offset="vc_col-md-3 vc_col-ss-6"][s7upf_information el_class="box-menu-footer1"]
<h3 class="title18 lora-font font-bold">Information</h3>
<ul class="list-none list-menu-footer">
 	<li><a href="#">Payment methods</a></li>
 	<li><a href="#">Times and shipping costs</a></li>
 	<li><a href="#">Product Returns</a></li>
 	<li><a href="#">Shipping methods</a></li>
 	<li><a href="#">Conformity of the products</a></li>
 	<li><a href="#">100% Made in Italy</a></li>
 	<li><a href="#">Store Policy</a></li>
</ul>
[/s7upf_information][/vc_column][vc_column width="1/2" offset="vc_col-md-3 vc_col-ss-6"][s7upf_information el_class="box-tag-footer1"]
<h3 class="title18 lora-font font-bold">Tags</h3>
<ul class="list-inline-block list-tags">
 	<li><a href="#">Skincare</a></li>
 	<li><a href="#">Lotion</a></li>
 	<li><a href="#">Lipstick</a></li>
 	<li><a href="#">Cosmetics</a></li>
 	<li><a href="#">Eyeshadow</a></li>
 	<li><a href="#">Base Makeup</a></li>
 	<li><a href="#">Nail</a></li>
 	<li><a href="#">Mask</a></li>
 	<li><a href="#">Mascara</a></li>
 	<li><a href="#">Body</a></li>
 	<li><a href="#">Sapa</a></li>
 	<li><a href="#">Hair</a></li>
 	<li><a href="#">Beauty</a></li>
 	<li><a href="#">Eye essence</a></li>
 	<li><a href="#">Video guide</a></li>
</ul>
[/s7upf_information][/vc_column][vc_column width="1/2" offset="vc_col-md-3 vc_col-ss-6"][s7upf_information el_class="box-location-footer1"]
<h3 class="title18 lora-font font-bold">Location</h3>
<ul class="list-none">
 	<li>
<p class="desc">Room 808, Building CT-16 Dinh Cong, Hoang Mai, Hanoi</p>
</li>
 	<li>
<p class="desc">Email: <a href="mailto:contact.7uptheme@gmail.com">Contact.7uptheme@gmail.com</a></p>
</li>
 	<li>
<p class="desc">Call: <a href="telto:0989 177 556">0989 177 556</a></p>
</li>
</ul>
[/s7upf_information][sv_custom_link style="custom-link-image" display="list-inline-block" effect="float-shadow" list_image="%5B%7B%22style%22%3A%22default%22%2C%22image%22%3A%22147%22%2C%22link%22%3A%22%23%22%7D%2C%7B%22style%22%3A%22default%22%2C%22image%22%3A%22148%22%2C%22link%22%3A%22%23%22%7D%2C%7B%22style%22%3A%22default%22%2C%22image%22%3A%22149%22%2C%22link%22%3A%22%23%22%7D%5D" el_class="payment-method1"][/vc_column][/vc_row][vc_row full_width="stretch_row" el_class="footer-bottom1"][vc_column][s7upf_information el_class="copyright1"]
<p class="desc white text-center">© ridestyle Professional Cosmetics, Inc. All worldwide rights reserved. <span class="silver">Design by:</span> <a class="white" href="http://7uptheme.com">7uptheme.com</a></p>
[/s7upf_information][/vc_column][/vc_row]]]></content:encoded>
		<excerpt:encoded><![CDATA[]]></excerpt:encoded>
		<wp:post_id>377</wp:post_id>
		<wp:post_date><![CDATA[2019-01-08 01:20:44]]></wp:post_date>
		<wp:post_date_gmt><![CDATA[2019-01-08 01:20:44]]></wp:post_date_gmt>
		<wp:comment_status><![CDATA[closed]]></wp:comment_status>
		<wp:ping_status><![CDATA[closed]]></wp:ping_status>
		<wp:post_name><![CDATA[footer-3]]></wp:post_name>
		<wp:status><![CDATA[publish]]></wp:status>
		<wp:post_parent>0</wp:post_parent>
		<wp:menu_order>0</wp:menu_order>
		<wp:post_type><![CDATA[s7upf_footer]]></wp:post_type>
		<wp:post_password><![CDATA[]]></wp:post_password>
		<wp:is_sticky>0</wp:is_sticky>
		<wp:postmeta>
			<wp:meta_key><![CDATA[_edit_last]]></wp:meta_key>
			<wp:meta_value><![CDATA[1]]></wp:meta_value>
		</wp:postmeta>
		<wp:postmeta>
			<wp:meta_key><![CDATA[_wpb_vc_js_status]]></wp:meta_key>
			<wp:meta_value><![CDATA[false]]></wp:meta_value>
		</wp:postmeta>
		<wp:postmeta>
			<wp:meta_key><![CDATA[_wpb_shortcodes_custom_css]]></wp:meta_key>
			<wp:meta_value><![CDATA[.vc_custom_1546910691251{background-color: #f4f4f4 !important;}.vc_custom_1546910721232{background-color: #f4f4f4 !important;}.vc_custom_1546910830549{background-color: #f4f4f4 !important;}.vc_custom_1546910761025{background-color: #f4f4f4 !important;}]]></wp:meta_value>
		</wp:postmeta>
	</item>
</channel>
</rss>
