<?xml version="1.0" encoding="UTF-8" ?>
<!-- This is a WordPress eXtended RSS file generated by WordPress as an export of your site. -->
<!-- It contains information about your site's posts, pages, comments, categories, and other content. -->
<!-- You may use this file to transfer that content from one site to another. -->
<!-- This file is not intended to serve as a complete backup of your site. -->

<!-- To import this information into a WordPress site follow these steps: -->
<!-- 1. Log in to that site as an administrator. -->
<!-- 2. Go to Tools: Import in the WordPress admin panel. -->
<!-- 3. Install the "WordPress" importer from the list. -->
<!-- 4. Activate & Run Importer. -->
<!-- 5. Upload this file using the form provided on that page. -->
<!-- 6. You will first be asked to map the authors in this export file to users -->
<!--    on the site. For each author, you may choose to map to an -->
<!--    existing user on the site or to create a new user. -->
<!-- 7. WordPress will then import each of the posts, pages, comments, categories, etc. -->
<!--    contained in this file into your site. -->

<!-- generator="WordPress/5.0.3" created="2019-02-16 02:46" -->
<rss version="2.0"
	xmlns:excerpt="http://wordpress.org/export/1.2/excerpt/"
	xmlns:content="http://purl.org/rss/1.0/modules/content/"
	xmlns:wfw="http://wellformedweb.org/CommentAPI/"
	xmlns:dc="http://purl.org/dc/elements/1.1/"
	xmlns:wp="http://wordpress.org/export/1.2/"
>

<channel>
	<title>ridestyle</title>
	<link>http://7uptheme.com/wordpress/ridestyle</link>
	<description>Just another WordPress site</description>
	<pubDate>Sat, 16 Feb 2019 02:46:59 +0000</pubDate>
	<language>en-US</language>
	<wp:wxr_version>1.2</wp:wxr_version>
	<wp:base_site_url>http://7uptheme.com/wordpress/ridestyle</wp:base_site_url>
	<wp:base_blog_url>http://7uptheme.com/wordpress/ridestyle</wp:base_blog_url>

	<wp:author><wp:author_id>1</wp:author_id><wp:author_login><![CDATA[ridestyle]]></wp:author_login><wp:author_email><![CDATA[contact.7uptheme@gmail.com]]></wp:author_email><wp:author_display_name><![CDATA[ridestyle]]></wp:author_display_name><wp:author_first_name><![CDATA[]]></wp:author_first_name><wp:author_last_name><![CDATA[]]></wp:author_last_name></wp:author>


	<generator>https://wordpress.org/?v=5.0.3</generator>

	<item>
		<title>Header 1</title>
		<link>http://7uptheme.com/wordpress/ridestyle/s7upf_header/header-1/</link>
		<pubDate>Fri, 28 Dec 2018 04:37:03 +0000</pubDate>
		<dc:creator><![CDATA[ridestyle]]></dc:creator>
		<guid isPermaLink="false">http://7uptheme.com/wordpress/ridestyle/?post_type=s7upf_header&#038;p=11</guid>
		<description></description>
		<content:encoded><![CDATA[[vc_row full_width="stretch_row" el_class="header1"][vc_column offset="vc_col-md-2"][s7upf_logo style="text" el_class="logo-ridestyle"]<span class="title36 font-bold lora-font black">ridestyle</span>[/s7upf_logo][/vc_column][vc_column offset="vc_col-md-10"][flex_wrapper justify_content="flex-end" align_items="center" el_class="wrap-nav-cart"][s7upf_menu menu_sticky="menu-sticky-on" el_class="main-nav1"][s7upf_account_manager el_class="my-account1"][sv_mini_cart type="aside-box" el_class="mini-cart1"][/flex_wrapper][/vc_column][/vc_row]]]></content:encoded>
		<excerpt:encoded><![CDATA[]]></excerpt:encoded>
		<wp:post_id>11</wp:post_id>
		<wp:post_date><![CDATA[2018-12-28 04:37:03]]></wp:post_date>
		<wp:post_date_gmt><![CDATA[2018-12-28 04:37:03]]></wp:post_date_gmt>
		<wp:comment_status><![CDATA[closed]]></wp:comment_status>
		<wp:ping_status><![CDATA[closed]]></wp:ping_status>
		<wp:post_name><![CDATA[header-1]]></wp:post_name>
		<wp:status><![CDATA[publish]]></wp:status>
		<wp:post_parent>0</wp:post_parent>
		<wp:menu_order>0</wp:menu_order>
		<wp:post_type><![CDATA[s7upf_header]]></wp:post_type>
		<wp:post_password><![CDATA[]]></wp:post_password>
		<wp:is_sticky>0</wp:is_sticky>
		<wp:postmeta>
			<wp:meta_key><![CDATA[_edit_last]]></wp:meta_key>
			<wp:meta_value><![CDATA[1]]></wp:meta_value>
		</wp:postmeta>
		<wp:postmeta>
			<wp:meta_key><![CDATA[_wpb_vc_js_status]]></wp:meta_key>
			<wp:meta_value><![CDATA[false]]></wp:meta_value>
		</wp:postmeta>
		<wp:postmeta>
			<wp:meta_key><![CDATA[_wpb_shortcodes_custom_css]]></wp:meta_key>
			<wp:meta_value><![CDATA[]]></wp:meta_value>
		</wp:postmeta>
	</item>
	<item>
		<title>Header 2</title>
		<link>http://7uptheme.com/wordpress/ridestyle/s7upf_header/header-2/</link>
		<pubDate>Mon, 07 Jan 2019 01:21:15 +0000</pubDate>
		<dc:creator><![CDATA[ridestyle]]></dc:creator>
		<guid isPermaLink="false">http://7uptheme.com/wordpress/ridestyle/?post_type=s7upf_header&#038;p=316</guid>
		<description></description>
		<content:encoded><![CDATA[[vc_section full_width="stretch_row" el_class="wrap-header2 overflow-visible"][vc_row full_width="stretch_row" el_class="header1 header2"][vc_column offset="vc_col-md-2"][s7upf_logo style="text" el_class="logo-ridestyle"]<span class="title36 font-bold lora-font black">ridestyle</span>[/s7upf_logo][/vc_column][vc_column offset="vc_col-md-10"][flex_wrapper justify_content="flex-end" align_items="center" el_class="wrap-nav-cart"][s7upf_menu menu_sticky="menu-sticky-on" el_class="main-nav1"][s7upf_account_manager el_class="my-account1"][sv_mini_cart type="aside-box" el_class="mini-cart1"][/flex_wrapper][/vc_column][/vc_row][vc_row full_width="stretch_row_content_no_spaces" el_class="header-shadow"][vc_column][s7upf_advertisement image="324"][/s7upf_advertisement][/vc_column][/vc_row][/vc_section]]]></content:encoded>
		<excerpt:encoded><![CDATA[]]></excerpt:encoded>
		<wp:post_id>316</wp:post_id>
		<wp:post_date><![CDATA[2019-01-07 01:21:15]]></wp:post_date>
		<wp:post_date_gmt><![CDATA[2019-01-07 01:21:15]]></wp:post_date_gmt>
		<wp:comment_status><![CDATA[closed]]></wp:comment_status>
		<wp:ping_status><![CDATA[closed]]></wp:ping_status>
		<wp:post_name><![CDATA[header-2]]></wp:post_name>
		<wp:status><![CDATA[publish]]></wp:status>
		<wp:post_parent>0</wp:post_parent>
		<wp:menu_order>0</wp:menu_order>
		<wp:post_type><![CDATA[s7upf_header]]></wp:post_type>
		<wp:post_password><![CDATA[]]></wp:post_password>
		<wp:is_sticky>0</wp:is_sticky>
		<wp:postmeta>
			<wp:meta_key><![CDATA[_edit_last]]></wp:meta_key>
			<wp:meta_value><![CDATA[1]]></wp:meta_value>
		</wp:postmeta>
		<wp:postmeta>
			<wp:meta_key><![CDATA[_wpb_vc_js_status]]></wp:meta_key>
			<wp:meta_value><![CDATA[false]]></wp:meta_value>
		</wp:postmeta>
		<wp:postmeta>
			<wp:meta_key><![CDATA[_wpb_shortcodes_custom_css]]></wp:meta_key>
			<wp:meta_value><![CDATA[]]></wp:meta_value>
		</wp:postmeta>
	</item>
	<item>
		<title>Header 3</title>
		<link>http://7uptheme.com/wordpress/ridestyle/s7upf_header/header-3/</link>
		<pubDate>Tue, 08 Jan 2019 01:21:57 +0000</pubDate>
		<dc:creator><![CDATA[ridestyle]]></dc:creator>
		<guid isPermaLink="false">http://7uptheme.com/wordpress/ridestyle/?post_type=s7upf_header&#038;p=380</guid>
		<description></description>
		<content:encoded><![CDATA[[vc_row full_width="stretch_row" el_class="top-header3"][vc_column width="1/2" offset="vc_hidden-ss vc_hidden-xs"][flex_wrapper align_items="center" el_class="wrap-language-currency"][s7upf_information el_class="dropdown-box language-box"]<a class="dropdown-link">English</a>
<ul class="list-none dropdown-list">
 	<li><a href="#">English</a></li>
 	<li><a href="#">Spanish</a></li>
 	<li><a href="#">Franch</a></li>
</ul>
[/s7upf_information][s7upf_information el_class="dropdown-box currency-box"]<a class="dropdown-link">Currency</a>
<ul class="list-none dropdown-list">
 	<li><a href="#">Dolla</a></li>
 	<li><a href="#">Peso</a></li>
 	<li><a href="#">Franch</a></li>
</ul>
[/s7upf_information][/flex_wrapper][/vc_column][vc_column width="1/2"][sv_custom_link display="list-inline-block" list_text="%5B%7B%22style%22%3A%22default%22%2C%22text%22%3A%22Help%22%2C%22link%22%3A%22%23%22%2C%22text_color%22%3A%22gray%22%2C%22bg_color%22%3A%22transparent%22%7D%2C%7B%22style%22%3A%22default%22%2C%22text%22%3A%22Services%22%2C%22link%22%3A%22%23%22%2C%22text_color%22%3A%22gray%22%2C%22bg_color%22%3A%22transparent%22%7D%2C%7B%22style%22%3A%22default%22%2C%22text%22%3A%22Hotline%3A%200989%20177%20556%22%2C%22link%22%3A%22telto%3A0989%20177%20556%22%2C%22text_color%22%3A%22gray%22%2C%22bg_color%22%3A%22transparent%22%7D%5D" el_class="top-support3 text-right"][/vc_column][/vc_row][vc_row full_width="stretch_row" el_class="main-header3"][vc_column width="5/12"][s7upf_menu menu_sticky="menu-sticky-on" menu="second-menu" el_class="main-nav1"][/vc_column][vc_column width="2/12"][s7upf_logo style="text" el_class="logo-ridestyle logo3 text-center"]<span class="title36 font-bold lora-font black">ridestyle</span>[/s7upf_logo][/vc_column][vc_column width="5/12"][flex_wrapper justify_content="flex-end" align_items="center" el_class="wrap-nav-cart"][sv_custom_link display="list-inline-block" list_text="%5B%7B%22style%22%3A%22default%22%2C%22text%22%3A%22About%22%2C%22link%22%3A%22http%3A%2F%2Flocalhost%2Fwordpress%2Fridestyle%2Fabout%2F%22%2C%22text_color%22%3A%22black%22%2C%22bg_color%22%3A%22transparent%22%7D%2C%7B%22style%22%3A%22default%22%2C%22text%22%3A%22Contact%22%2C%22link%22%3A%22http%3A%2F%2Flocalhost%2Fwordpress%2Fridestyle%2Fcontact%2F%22%2C%22text_color%22%3A%22black%22%2C%22bg_color%22%3A%22transparent%22%7D%5D" el_class="about-contact3 font-bold lora-font"][s7upf_account_manager el_class="my-account1"][sv_mini_cart type="aside-box" el_class="mini-cart1"][/flex_wrapper][/vc_column][/vc_row]]]></content:encoded>
		<excerpt:encoded><![CDATA[]]></excerpt:encoded>
		<wp:post_id>380</wp:post_id>
		<wp:post_date><![CDATA[2019-01-08 01:21:57]]></wp:post_date>
		<wp:post_date_gmt><![CDATA[2019-01-08 01:21:57]]></wp:post_date_gmt>
		<wp:comment_status><![CDATA[closed]]></wp:comment_status>
		<wp:ping_status><![CDATA[closed]]></wp:ping_status>
		<wp:post_name><![CDATA[header-3]]></wp:post_name>
		<wp:status><![CDATA[publish]]></wp:status>
		<wp:post_parent>0</wp:post_parent>
		<wp:menu_order>0</wp:menu_order>
		<wp:post_type><![CDATA[s7upf_header]]></wp:post_type>
		<wp:post_password><![CDATA[]]></wp:post_password>
		<wp:is_sticky>0</wp:is_sticky>
		<wp:postmeta>
			<wp:meta_key><![CDATA[_edit_last]]></wp:meta_key>
			<wp:meta_value><![CDATA[1]]></wp:meta_value>
		</wp:postmeta>
		<wp:postmeta>
			<wp:meta_key><![CDATA[_wpb_vc_js_status]]></wp:meta_key>
			<wp:meta_value><![CDATA[false]]></wp:meta_value>
		</wp:postmeta>
		<wp:postmeta>
			<wp:meta_key><![CDATA[_wpb_shortcodes_custom_css]]></wp:meta_key>
			<wp:meta_value><![CDATA[]]></wp:meta_value>
		</wp:postmeta>
	</item>
	<item>
		<title>Header 4</title>
		<link>http://7uptheme.com/wordpress/ridestyle/s7upf_header/header-4/</link>
		<pubDate>Wed, 09 Jan 2019 08:17:58 +0000</pubDate>
		<dc:creator><![CDATA[ridestyle]]></dc:creator>
		<guid isPermaLink="false">http://7uptheme.com/wordpress/ridestyle/?post_type=s7upf_header&#038;p=460</guid>
		<description></description>
		<content:encoded><![CDATA[[vc_section full_width="stretch_row" el_class="header4 overflow-visible"][vc_row full_width="stretch_row" el_class="top-header4"][vc_column offset="vc_col-md-2"][s7upf_logo style="text" el_class="logo-ridestyle"]<span class="title36 font-bold lora-font black">ridestyle</span>[/s7upf_logo][/vc_column][vc_column offset="vc_col-md-10"][flex_wrapper justify_content="flex-end" align_items="center" el_class="wrap-top-header4"][s7upf_search_form search_in="product" placeholder="Search" cats_product="skincare, base-makeup, point-makeup, powder, mascara, lipstick, eyeshadow"][s7upf_information el_class="dropdown-box language-box"]<a class="dropdown-link">English</a>
<ul class="list-none dropdown-list">
 	<li><a href="#">English</a></li>
 	<li><a href="#">Spanish</a></li>
 	<li><a href="#">Franch</a></li>
</ul>
[/s7upf_information][s7upf_information el_class="dropdown-box currency-box"]<a class="dropdown-link">Currency</a>
<ul class="list-none dropdown-list">
 	<li><a href="#">Dolla</a></li>
 	<li><a href="#">Peso</a></li>
 	<li><a href="#">Franch</a></li>
</ul>
[/s7upf_information][sv_mini_cart type="aside-box" el_class="mini-cart1"][/flex_wrapper][/vc_column][/vc_row][vc_row full_width="stretch_row"][vc_column][flex_wrapper justify_content="center" align_items="center" el_class="wrap-nav-login"][s7upf_logo style="text" el_class="logo-ridestyle"]<span class="title36 font-bold lora-font black">ridestyle</span>[/s7upf_logo][s7upf_menu menu_sticky="menu-sticky-on" el_class="main-nav1"][s7upf_account_manager el_class="my-account1"][/flex_wrapper][/vc_column][/vc_row][vc_row full_width="stretch_row_content_no_spaces" el_class="header-shadow"][vc_column][s7upf_advertisement image="324"][/s7upf_advertisement][/vc_column][/vc_row][/vc_section]]]></content:encoded>
		<excerpt:encoded><![CDATA[]]></excerpt:encoded>
		<wp:post_id>460</wp:post_id>
		<wp:post_date><![CDATA[2019-01-09 08:17:58]]></wp:post_date>
		<wp:post_date_gmt><![CDATA[2019-01-09 08:17:58]]></wp:post_date_gmt>
		<wp:comment_status><![CDATA[closed]]></wp:comment_status>
		<wp:ping_status><![CDATA[closed]]></wp:ping_status>
		<wp:post_name><![CDATA[header-4]]></wp:post_name>
		<wp:status><![CDATA[publish]]></wp:status>
		<wp:post_parent>0</wp:post_parent>
		<wp:menu_order>0</wp:menu_order>
		<wp:post_type><![CDATA[s7upf_header]]></wp:post_type>
		<wp:post_password><![CDATA[]]></wp:post_password>
		<wp:is_sticky>0</wp:is_sticky>
		<wp:postmeta>
			<wp:meta_key><![CDATA[_edit_last]]></wp:meta_key>
			<wp:meta_value><![CDATA[1]]></wp:meta_value>
		</wp:postmeta>
		<wp:postmeta>
			<wp:meta_key><![CDATA[_wpb_vc_js_status]]></wp:meta_key>
			<wp:meta_value><![CDATA[false]]></wp:meta_value>
		</wp:postmeta>
		<wp:postmeta>
			<wp:meta_key><![CDATA[_wpb_shortcodes_custom_css]]></wp:meta_key>
			<wp:meta_value><![CDATA[]]></wp:meta_value>
		</wp:postmeta>
	</item>
	<item>
		<title>Header 5</title>
		<link>http://7uptheme.com/wordpress/ridestyle/s7upf_header/header-5/</link>
		<pubDate>Thu, 10 Jan 2019 08:02:33 +0000</pubDate>
		<dc:creator><![CDATA[ridestyle]]></dc:creator>
		<guid isPermaLink="false">http://7uptheme.com/wordpress/ridestyle/?post_type=s7upf_header&#038;p=506</guid>
		<description></description>
		<content:encoded><![CDATA[[vc_section full_width="stretch_row" el_class="header5 overflow-visible"][vc_row full_width="stretch_row" el_class="top-header5"][vc_column width="1/12" offset="vc_col-lg-3 vc_hidden-md vc_hidden-sm vc_hidden-ss vc_hidden-xs"][s7upf_information el_class="top-purchase5"]
<h3 class="title14">Free hydration spray with $125 purchase</h3>
[/s7upf_information][/vc_column][vc_column width="7/12" offset="vc_col-md-6"][s7upf_information el_class="contact-top5"]
<ul class="list-inline-block">
 	<li><i class="title24 la la-envelope-o"></i><a class="black" href="mailto:contact.7uptheme@gmail.com">contact.7uptheme@gmail.com</a></li>
 	<li><i class="title24 la la-phone"></i><a class="black" href="telto:0989.177.556">0989.177.556</a></li>
</ul>
[/s7upf_information][/vc_column][vc_column width="5/12" offset="vc_col-lg-3 vc_col-md-6 vc_hidden-ss vc_hidden-xs"][flex_wrapper justify_content="flex-end" align_items="center" el_class="wrap-top-header5"][sv_custom_link list_text="%5B%7B%22style%22%3A%22default%22%2C%22text%22%3A%22Offers%20%22%2C%22link%22%3A%22%23%22%2C%22text_color%22%3A%22black%22%2C%22bg_color%22%3A%22transparent%22%7D%5D" el_class="link-offer5"][s7upf_information el_class="dropdown-box language-box"]<a class="dropdown-link black">English</a>
<ul class="list-none dropdown-list">
 	<li><a href="#">English</a></li>
 	<li><a href="#">Spanish</a></li>
 	<li><a href="#">Franch</a></li>
</ul>
[/s7upf_information][s7upf_information el_class="dropdown-box currency-box"]<a class="dropdown-link black">Currency</a>
<ul class="list-none dropdown-list">
 	<li><a href="#">Dolla</a></li>
 	<li><a href="#">Peso</a></li>
 	<li><a href="#">Franch</a></li>
</ul>
[/s7upf_information][/flex_wrapper][/vc_column][/vc_row][vc_row full_width="stretch_row" el_class="main-header5"][vc_column offset="vc_col-md-2"][s7upf_logo style="text" el_class="logo-ridestyle"]<span class="title36 font-bold lora-font black">ridestyle</span>[/s7upf_logo][/vc_column][vc_column offset="vc_col-md-10"][flex_wrapper justify_content="flex-end" align_items="center" el_class="wrap-nav-login5"][s7upf_menu menu_sticky="menu-sticky-on" el_class="main-nav1"][s7upf_account_manager el_class="my-account1"][s7upf_search_form style="popup" search_in="product" cats_product="skincare, base-makeup, point-makeup, powder, mascara, lipstick, eyeshadow"][sv_mini_cart type="aside-box" icon="la la-shopping-cart"][/flex_wrapper][/vc_column][/vc_row][vc_row full_width="stretch_row_content_no_spaces" el_class="header-shadow"][vc_column][s7upf_advertisement image="324"][/s7upf_advertisement][/vc_column][/vc_row][/vc_section]]]></content:encoded>
		<excerpt:encoded><![CDATA[]]></excerpt:encoded>
		<wp:post_id>506</wp:post_id>
		<wp:post_date><![CDATA[2019-01-10 08:02:33]]></wp:post_date>
		<wp:post_date_gmt><![CDATA[2019-01-10 08:02:33]]></wp:post_date_gmt>
		<wp:comment_status><![CDATA[closed]]></wp:comment_status>
		<wp:ping_status><![CDATA[closed]]></wp:ping_status>
		<wp:post_name><![CDATA[header-5]]></wp:post_name>
		<wp:status><![CDATA[publish]]></wp:status>
		<wp:post_parent>0</wp:post_parent>
		<wp:menu_order>0</wp:menu_order>
		<wp:post_type><![CDATA[s7upf_header]]></wp:post_type>
		<wp:post_password><![CDATA[]]></wp:post_password>
		<wp:is_sticky>0</wp:is_sticky>
		<wp:postmeta>
			<wp:meta_key><![CDATA[_edit_last]]></wp:meta_key>
			<wp:meta_value><![CDATA[1]]></wp:meta_value>
		</wp:postmeta>
		<wp:postmeta>
			<wp:meta_key><![CDATA[_wpb_vc_js_status]]></wp:meta_key>
			<wp:meta_value><![CDATA[false]]></wp:meta_value>
		</wp:postmeta>
		<wp:postmeta>
			<wp:meta_key><![CDATA[_wpb_shortcodes_custom_css]]></wp:meta_key>
			<wp:meta_value><![CDATA[]]></wp:meta_value>
		</wp:postmeta>
	</item>
	<item>
		<title>Header 6</title>
		<link>http://7uptheme.com/wordpress/ridestyle/s7upf_header/header-6/</link>
		<pubDate>Mon, 21 Jan 2019 01:27:12 +0000</pubDate>
		<dc:creator><![CDATA[ridestyle]]></dc:creator>
		<guid isPermaLink="false">http://7uptheme.com/wordpress/ridestyle/?post_type=s7upf_header&#038;p=714</guid>
		<description></description>
		<content:encoded><![CDATA[[vc_row full_width="stretch_row" el_class="top-header6"][vc_column width="1/2" offset="vc_hidden-ss vc_hidden-xs"][flex_wrapper align_items="center" el_class="wrap-language6"][s7upf_information el_class="dropdown-box language-box"]<a class="dropdown-link black"><img class="alignnone size-full wp-image-726" src="http://7uptheme.com/wordpress/ridestyle/wp-content/uploads/2019/01/fl-en.png" alt="" width="18" height="12" />English</a>
<ul class="list-none dropdown-list">
 	<li><a href="#"><img class="alignnone size-full wp-image-726" src="http://7uptheme.com/wordpress/ridestyle/wp-content/uploads/2019/01/fl-en.png" alt="" width="18" height="12" />English</a></li>
 	<li><a href="#"><img class="alignnone size-full wp-image-729" src="http://7uptheme.com/wordpress/ridestyle/wp-content/uploads/2019/01/fl-sp.png" alt="" width="18" height="12" />Spanish</a></li>
 	<li><a href="#"><img class="alignnone size-full wp-image-727" src="http://7uptheme.com/wordpress/ridestyle/wp-content/uploads/2019/01/fl-fr.png" alt="" width="16" height="12" />Franch</a></li>
</ul>
[/s7upf_information][s7upf_information el_class="dropdown-box currency-box"]<a class="dropdown-link black">USD</a>
<ul class="list-none dropdown-list">
 	<li><a href="#">Dolla</a></li>
 	<li><a href="#">Peso</a></li>
 	<li><a href="#">Franch</a></li>
</ul>
[/s7upf_information][s7upf_information el_class="top-delivery6"]
<p class="desc"><i class="la la-truck"></i>Free Delivery On $ 99</p>
[/s7upf_information][/flex_wrapper][/vc_column][vc_column width="1/2"][s7upf_information el_class="top-link6 text-right"]
<ul class="list-inline-block">
 	<li><a class="gay" href="#"><i class="la la-thumbs-up"></i>Help</a></li>
 	<li><a class="gay" href="#"><i class="la la-map-marker"></i>Store locator</a></li>
 	<li><a class="gay" href="#"><i class="la la-bookmark"></i>Blog</a></li>
</ul>
[/s7upf_information][/vc_column][/vc_row][vc_row full_width="stretch_row" el_class="main-header6"][vc_column width="1/3" offset="vc_hidden-ss vc_hidden-xs"][s7upf_information el_class="contact-top6"]
<ul class="list-none">
 	<li><a href="telto:0989177556"><b>Call now:</b> 0989-177-556</a></li>
 	<li><a href="mailto:contact.7uptheme@gmail.com">contact.7uptheme@gmail.com</a></li>
</ul>
[/s7upf_information][/vc_column][vc_column width="1/3"][s7upf_logo style="text" el_class="logo-ridestyle logo6 text-center"]<span class="title36 font-bold lora-font black">ridestyle</span>[/s7upf_logo][/vc_column][vc_column width="1/3"][flex_wrapper justify_content="flex-end" align_items="center" el_class="wrap-search-cart6"][s7upf_search_form style="popup" search_in="product" cats_product="point-makeup, powder, lipstick, body-care, base-makeup, mascara, skincare"][sv_mini_cart style="total" icon="la la-shopping-cart" el_class="mini-cart6"][/flex_wrapper][/vc_column][/vc_row][vc_row full_width="stretch_row"][vc_column][flex_wrapper justify_content="center" align_items="center" el_class="wrap-main-nav6"][s7upf_logo style="text" el_class="logo-ridestyle"]<span class="title36 font-bold lora-font black">ridestyle</span>[/s7upf_logo][s7upf_menu menu_sticky="menu-sticky-on" menu="main-menu" el_class="main-nav6"][s7upf_account_manager][/flex_wrapper][/vc_column][/vc_row]]]></content:encoded>
		<excerpt:encoded><![CDATA[]]></excerpt:encoded>
		<wp:post_id>714</wp:post_id>
		<wp:post_date><![CDATA[2019-01-21 01:27:12]]></wp:post_date>
		<wp:post_date_gmt><![CDATA[2019-01-21 01:27:12]]></wp:post_date_gmt>
		<wp:comment_status><![CDATA[closed]]></wp:comment_status>
		<wp:ping_status><![CDATA[closed]]></wp:ping_status>
		<wp:post_name><![CDATA[header-6]]></wp:post_name>
		<wp:status><![CDATA[publish]]></wp:status>
		<wp:post_parent>0</wp:post_parent>
		<wp:menu_order>0</wp:menu_order>
		<wp:post_type><![CDATA[s7upf_header]]></wp:post_type>
		<wp:post_password><![CDATA[]]></wp:post_password>
		<wp:is_sticky>0</wp:is_sticky>
		<wp:postmeta>
			<wp:meta_key><![CDATA[_edit_last]]></wp:meta_key>
			<wp:meta_value><![CDATA[1]]></wp:meta_value>
		</wp:postmeta>
		<wp:postmeta>
			<wp:meta_key><![CDATA[_wpb_vc_js_status]]></wp:meta_key>
			<wp:meta_value><![CDATA[false]]></wp:meta_value>
		</wp:postmeta>
		<wp:postmeta>
			<wp:meta_key><![CDATA[_wpb_shortcodes_custom_css]]></wp:meta_key>
			<wp:meta_value><![CDATA[]]></wp:meta_value>
		</wp:postmeta>
	</item>
</channel>
</rss>
