<?xml version="1.0" encoding="UTF-8" ?>
<!-- This is a WordPress eXtended RSS file generated by WordPress as an export of your site. -->
<!-- It contains information about your site's posts, pages, comments, categories, and other content. -->
<!-- You may use this file to transfer that content from one site to another. -->
<!-- This file is not intended to serve as a complete backup of your site. -->

<!-- To import this information into a WordPress site follow these steps: -->
<!-- 1. Log in to that site as an administrator. -->
<!-- 2. Go to Tools: Import in the WordPress admin panel. -->
<!-- 3. Install the "WordPress" importer from the list. -->
<!-- 4. Activate & Run Importer. -->
<!-- 5. Upload this file using the form provided on that page. -->
<!-- 6. You will first be asked to map the authors in this export file to users -->
<!--    on the site. For each author, you may choose to map to an -->
<!--    existing user on the site or to create a new user. -->
<!-- 7. WordPress will then import each of the posts, pages, comments, categories, etc. -->
<!--    contained in this file into your site. -->

<!-- generator="WordPress/5.0.3" created="2019-02-16 02:47" -->
<rss version="2.0"
	xmlns:excerpt="http://wordpress.org/export/1.2/excerpt/"
	xmlns:content="http://purl.org/rss/1.0/modules/content/"
	xmlns:wfw="http://wellformedweb.org/CommentAPI/"
	xmlns:dc="http://purl.org/dc/elements/1.1/"
	xmlns:wp="http://wordpress.org/export/1.2/"
>

<channel>
	<title>ridestyle</title>
	<link>http://7uptheme.com/wordpress/ridestyle</link>
	<description>Just another WordPress site</description>
	<pubDate>Sat, 16 Feb 2019 02:47:31 +0000</pubDate>
	<language>en-US</language>
	<wp:wxr_version>1.2</wp:wxr_version>
	<wp:base_site_url>http://7uptheme.com/wordpress/ridestyle</wp:base_site_url>
	<wp:base_blog_url>http://7uptheme.com/wordpress/ridestyle</wp:base_blog_url>

	<wp:author><wp:author_id>1</wp:author_id><wp:author_login><![CDATA[ridestyle]]></wp:author_login><wp:author_email><![CDATA[contact.7uptheme@gmail.com]]></wp:author_email><wp:author_display_name><![CDATA[ridestyle]]></wp:author_display_name><wp:author_first_name><![CDATA[]]></wp:author_first_name><wp:author_last_name><![CDATA[]]></wp:author_last_name></wp:author>


	<generator>https://wordpress.org/?v=5.0.3</generator>

	<item>
		<title>Banner Blog</title>
		<link>http://7uptheme.com/wordpress/ridestyle/s7upf_mega_item/banner-blog/</link>
		<pubDate>Mon, 14 Jan 2019 02:13:07 +0000</pubDate>
		<dc:creator><![CDATA[ridestyle]]></dc:creator>
		<guid isPermaLink="false">http://7uptheme.com/wordpress/ridestyle/?post_type=s7upf_mega_item&#038;p=608</guid>
		<description></description>
		<content:encoded><![CDATA[[vc_row full_width="stretch_row_content_no_spaces"][vc_column][s7upf_posts display="slider" order="ASC" item_style="banner" slider_navi="navi-nav-style" slider_pagi="pagi-nav-style" number="3" custom_ids="202,204,206" cats="" size="1920x700" item="1" item_res="0:1" el_class="banner-slider banner-blog-slider"][/vc_column][/vc_row]]]></content:encoded>
		<excerpt:encoded><![CDATA[]]></excerpt:encoded>
		<wp:post_id>608</wp:post_id>
		<wp:post_date><![CDATA[2019-01-14 02:13:07]]></wp:post_date>
		<wp:post_date_gmt><![CDATA[2019-01-14 02:13:07]]></wp:post_date_gmt>
		<wp:comment_status><![CDATA[closed]]></wp:comment_status>
		<wp:ping_status><![CDATA[closed]]></wp:ping_status>
		<wp:post_name><![CDATA[banner-blog]]></wp:post_name>
		<wp:status><![CDATA[publish]]></wp:status>
		<wp:post_parent>0</wp:post_parent>
		<wp:menu_order>0</wp:menu_order>
		<wp:post_type><![CDATA[s7upf_mega_item]]></wp:post_type>
		<wp:post_password><![CDATA[]]></wp:post_password>
		<wp:is_sticky>0</wp:is_sticky>
		<wp:postmeta>
			<wp:meta_key><![CDATA[_edit_last]]></wp:meta_key>
			<wp:meta_value><![CDATA[1]]></wp:meta_value>
		</wp:postmeta>
		<wp:postmeta>
			<wp:meta_key><![CDATA[_wpb_vc_js_status]]></wp:meta_key>
			<wp:meta_value><![CDATA[false]]></wp:meta_value>
		</wp:postmeta>
		<wp:postmeta>
			<wp:meta_key><![CDATA[_wpb_shortcodes_custom_css]]></wp:meta_key>
			<wp:meta_value><![CDATA[]]></wp:meta_value>
		</wp:postmeta>
	</item>
	<item>
		<title>Baner Post</title>
		<link>http://7uptheme.com/wordpress/ridestyle/s7upf_mega_item/baner-post/</link>
		<pubDate>Tue, 15 Jan 2019 04:00:05 +0000</pubDate>
		<dc:creator><![CDATA[ridestyle]]></dc:creator>
		<guid isPermaLink="false">http://7uptheme.com/wordpress/ridestyle/?post_type=s7upf_mega_item&#038;p=637</guid>
		<description></description>
		<content:encoded><![CDATA[[vc_row full_width="stretch_row_content_no_spaces"][vc_column][s7upf_posts display="slider" order="ASC" item_style="banner2" slider_navi="navi-nav-style" number="3" custom_ids="202,204,206" cats="" size="1920x1080" item="1" item_res="0:1" el_class="banner-slider banner-post-slider"][/vc_column][/vc_row]]]></content:encoded>
		<excerpt:encoded><![CDATA[]]></excerpt:encoded>
		<wp:post_id>637</wp:post_id>
		<wp:post_date><![CDATA[2019-01-15 04:00:05]]></wp:post_date>
		<wp:post_date_gmt><![CDATA[2019-01-15 04:00:05]]></wp:post_date_gmt>
		<wp:comment_status><![CDATA[closed]]></wp:comment_status>
		<wp:ping_status><![CDATA[closed]]></wp:ping_status>
		<wp:post_name><![CDATA[baner-post]]></wp:post_name>
		<wp:status><![CDATA[publish]]></wp:status>
		<wp:post_parent>0</wp:post_parent>
		<wp:menu_order>0</wp:menu_order>
		<wp:post_type><![CDATA[s7upf_mega_item]]></wp:post_type>
		<wp:post_password><![CDATA[]]></wp:post_password>
		<wp:is_sticky>0</wp:is_sticky>
		<wp:postmeta>
			<wp:meta_key><![CDATA[_edit_last]]></wp:meta_key>
			<wp:meta_value><![CDATA[1]]></wp:meta_value>
		</wp:postmeta>
		<wp:postmeta>
			<wp:meta_key><![CDATA[_wpb_vc_js_status]]></wp:meta_key>
			<wp:meta_value><![CDATA[false]]></wp:meta_value>
		</wp:postmeta>
		<wp:postmeta>
			<wp:meta_key><![CDATA[_wpb_shortcodes_custom_css]]></wp:meta_key>
			<wp:meta_value><![CDATA[]]></wp:meta_value>
		</wp:postmeta>
	</item>
	<item>
		<title>Banner Bread Crumb</title>
		<link>http://7uptheme.com/wordpress/ridestyle/s7upf_mega_item/banner-bread-crumb/</link>
		<pubDate>Wed, 16 Jan 2019 02:09:00 +0000</pubDate>
		<dc:creator><![CDATA[ridestyle]]></dc:creator>
		<guid isPermaLink="false">http://7uptheme.com/wordpress/ridestyle/?post_type=s7upf_mega_item&#038;p=659</guid>
		<description></description>
		<content:encoded><![CDATA[[vc_row full_width="stretch_row_content_no_spaces"][vc_column][s7upf_breadcrumb el_class="custom-bread-crumb hoz-animate-background" custom_css=".vc_custom_1547604530373{background-image: url(http://7uptheme.com/wordpress/ridestyle/wp-content/uploads/2018/12/bg-bread-crumb.jpg?id=660) !important;}"][/vc_column][/vc_row]]]></content:encoded>
		<excerpt:encoded><![CDATA[]]></excerpt:encoded>
		<wp:post_id>659</wp:post_id>
		<wp:post_date><![CDATA[2019-01-16 02:09:00]]></wp:post_date>
		<wp:post_date_gmt><![CDATA[2019-01-16 02:09:00]]></wp:post_date_gmt>
		<wp:comment_status><![CDATA[closed]]></wp:comment_status>
		<wp:ping_status><![CDATA[closed]]></wp:ping_status>
		<wp:post_name><![CDATA[banner-bread-crumb]]></wp:post_name>
		<wp:status><![CDATA[publish]]></wp:status>
		<wp:post_parent>0</wp:post_parent>
		<wp:menu_order>0</wp:menu_order>
		<wp:post_type><![CDATA[s7upf_mega_item]]></wp:post_type>
		<wp:post_password><![CDATA[]]></wp:post_password>
		<wp:is_sticky>0</wp:is_sticky>
		<wp:postmeta>
			<wp:meta_key><![CDATA[_wpb_shortcodes_custom_css]]></wp:meta_key>
			<wp:meta_value><![CDATA[.vc_custom_1547604530373{background-image: url(http://7uptheme.com/wordpress/ridestyle/wp-content/uploads/2018/12/bg-bread-crumb.jpg?id=660) !important;}]]></wp:meta_value>
		</wp:postmeta>
		<wp:postmeta>
			<wp:meta_key><![CDATA[_edit_last]]></wp:meta_key>
			<wp:meta_value><![CDATA[1]]></wp:meta_value>
		</wp:postmeta>
		<wp:postmeta>
			<wp:meta_key><![CDATA[_wpb_vc_js_status]]></wp:meta_key>
			<wp:meta_value><![CDATA[false]]></wp:meta_value>
		</wp:postmeta>
	</item>
	<item>
		<title>Mega Menu Shop</title>
		<link>http://7uptheme.com/wordpress/ridestyle/s7upf_mega_item/mega-menu-shop/</link>
		<pubDate>Thu, 24 Jan 2019 08:32:16 +0000</pubDate>
		<dc:creator><![CDATA[ridestyle]]></dc:creator>
		<guid isPermaLink="false">http://7uptheme.com/wordpress/ridestyle/?post_type=s7upf_mega_item&#038;p=839</guid>
		<description></description>
		<content:encoded><![CDATA[[vc_row el_class="deno-mega-menu-shop"][vc_column width="1/4"][s7upf_mega_list_page title="Shop Pages" list="%5B%7B%22page_id%22%3A%22849%22%7D%2C%7B%22page_id%22%3A%22847%22%7D%2C%7B%22page_id%22%3A%22841%22%7D%2C%7B%22page_id%22%3A%22851%22%7D%2C%7B%22page_id%22%3A%22859%22%7D%2C%7B%22page_id%22%3A%22874%22%7D%5D"][/vc_column][vc_column width="1/4"][s7upf_mega_list_page title="Product Type" list="%5B%7B%22page_title%22%3A%22Product%20Simple%22%2C%22page_id%22%3A%22224%22%7D%2C%7B%22page_title%22%3A%22Product%20Grouped%22%2C%22page_id%22%3A%22225%22%7D%2C%7B%22page_title%22%3A%22Product%20External%22%2C%22page_id%22%3A%22226%22%7D%2C%7B%22page_title%22%3A%22Product%20Variable%22%2C%22page_id%22%3A%22227%22%7D%2C%7B%22page_title%22%3A%22Product%20On%20Sale%22%2C%22page_id%22%3A%22228%22%7D%2C%7B%22page_title%22%3A%22Product%20Video%22%2C%22page_id%22%3A%22229%22%7D%5D"][/vc_column][vc_column width="1/4"][s7upf_mega_list_page title="Product Layout" list="%5B%7B%22page_title%22%3A%22Product%20Tab%20Accordion%22%2C%22page_id%22%3A%22230%22%7D%2C%7B%22page_title%22%3A%22Product%20Info%20Sticky%22%2C%22page_id%22%3A%22231%22%7D%2C%7B%22page_title%22%3A%22Product%20Grid%20Gallery%22%2C%22page_id%22%3A%22232%22%7D%2C%7B%22page_title%22%3A%22Product%20Sticky%20Add%20To%20Cart%22%2C%22page_id%22%3A%22233%22%7D%2C%7B%22page_title%22%3A%22Product%20Before%20Content%20Tab%22%2C%22page_id%22%3A%22234%22%7D%2C%7B%22page_title%22%3A%22Product%20After%20Content%20Tab%22%2C%22page_id%22%3A%22236%22%7D%5D"][/vc_column][vc_column width="1/4"][s7upf_mega_list_page title="More Pages" list="%5B%7B%22page_id%22%3A%22126%22%7D%2C%7B%22page_id%22%3A%22127%22%7D%2C%7B%22page_id%22%3A%22128%22%7D%2C%7B%22page_id%22%3A%22482%22%7D%2C%7B%22page_id%22%3A%22869%22%7D%5D"][/vc_column][/vc_row]]]></content:encoded>
		<excerpt:encoded><![CDATA[]]></excerpt:encoded>
		<wp:post_id>839</wp:post_id>
		<wp:post_date><![CDATA[2019-01-24 08:32:16]]></wp:post_date>
		<wp:post_date_gmt><![CDATA[2019-01-24 08:32:16]]></wp:post_date_gmt>
		<wp:comment_status><![CDATA[closed]]></wp:comment_status>
		<wp:ping_status><![CDATA[closed]]></wp:ping_status>
		<wp:post_name><![CDATA[mega-menu-shop]]></wp:post_name>
		<wp:status><![CDATA[publish]]></wp:status>
		<wp:post_parent>0</wp:post_parent>
		<wp:menu_order>0</wp:menu_order>
		<wp:post_type><![CDATA[s7upf_mega_item]]></wp:post_type>
		<wp:post_password><![CDATA[]]></wp:post_password>
		<wp:is_sticky>0</wp:is_sticky>
		<wp:postmeta>
			<wp:meta_key><![CDATA[_edit_last]]></wp:meta_key>
			<wp:meta_value><![CDATA[1]]></wp:meta_value>
		</wp:postmeta>
		<wp:postmeta>
			<wp:meta_key><![CDATA[_wpb_vc_js_status]]></wp:meta_key>
			<wp:meta_value><![CDATA[false]]></wp:meta_value>
		</wp:postmeta>
		<wp:postmeta>
			<wp:meta_key><![CDATA[_wpb_shortcodes_custom_css]]></wp:meta_key>
			<wp:meta_value><![CDATA[]]></wp:meta_value>
		</wp:postmeta>
	</item>
	<item>
		<title>After Content Tab</title>
		<link>http://7uptheme.com/wordpress/ridestyle/s7upf_mega_item/after-content-tab/</link>
		<pubDate>Fri, 25 Jan 2019 08:04:11 +0000</pubDate>
		<dc:creator><![CDATA[ridestyle]]></dc:creator>
		<guid isPermaLink="false">http://7uptheme.com/wordpress/ridestyle/?post_type=s7upf_mega_item&#038;p=885</guid>
		<description></description>
		<content:encoded><![CDATA[[vc_row el_class="block-intensive demo-after-content-tab margin-100"][vc_column width="4/12"][flex_wrapper flex_direction="column" el_class="wrap-intensive"][s7upf_information el_class="title-intensive"]
<h2 class="title30 font-bold lora-font">Intersive Skin Serum Foundation ridestyle</h2>
[/s7upf_information][s7upf_information style="info-service3" link="#" image="414" size="85x85" title="Energizing" desc="Recharges skin for radiant look"][/s7upf_information][s7upf_information style="info-service3" link="#" image="415" size="85x85" title="Protective" desc="Helps defend against collagen damage"][/s7upf_information][s7upf_information style="info-service3" link="#" image="416" size="85x85" title="Weightless" desc="Floats over skin for flawless coverage"][/s7upf_information][/flex_wrapper][/vc_column][vc_column width="8/12"][s7upf_advertisement image="407" size="970x780"][/s7upf_advertisement][/vc_column][/vc_row]]]></content:encoded>
		<excerpt:encoded><![CDATA[]]></excerpt:encoded>
		<wp:post_id>885</wp:post_id>
		<wp:post_date><![CDATA[2019-01-25 08:04:11]]></wp:post_date>
		<wp:post_date_gmt><![CDATA[2019-01-25 08:04:11]]></wp:post_date_gmt>
		<wp:comment_status><![CDATA[closed]]></wp:comment_status>
		<wp:ping_status><![CDATA[closed]]></wp:ping_status>
		<wp:post_name><![CDATA[after-content-tab]]></wp:post_name>
		<wp:status><![CDATA[publish]]></wp:status>
		<wp:post_parent>0</wp:post_parent>
		<wp:menu_order>0</wp:menu_order>
		<wp:post_type><![CDATA[s7upf_mega_item]]></wp:post_type>
		<wp:post_password><![CDATA[]]></wp:post_password>
		<wp:is_sticky>0</wp:is_sticky>
		<wp:postmeta>
			<wp:meta_key><![CDATA[_edit_last]]></wp:meta_key>
			<wp:meta_value><![CDATA[1]]></wp:meta_value>
		</wp:postmeta>
		<wp:postmeta>
			<wp:meta_key><![CDATA[_wpb_vc_js_status]]></wp:meta_key>
			<wp:meta_value><![CDATA[false]]></wp:meta_value>
		</wp:postmeta>
		<wp:postmeta>
			<wp:meta_key><![CDATA[_wpb_shortcodes_custom_css]]></wp:meta_key>
			<wp:meta_value><![CDATA[]]></wp:meta_value>
		</wp:postmeta>
	</item>
	<item>
		<title>Before Content Tab</title>
		<link>http://7uptheme.com/wordpress/ridestyle/s7upf_mega_item/before-content-tab/</link>
		<pubDate>Fri, 25 Jan 2019 08:06:51 +0000</pubDate>
		<dc:creator><![CDATA[ridestyle]]></dc:creator>
		<guid isPermaLink="false">http://7uptheme.com/wordpress/ridestyle/?post_type=s7upf_mega_item&#038;p=887</guid>
		<description></description>
		<content:encoded><![CDATA[[vc_row full_width="stretch_row" el_class="banner-video-popup2 demo-before-content-tab margin-120" css=".vc_custom_1548403877969{background-image: url(http://7uptheme.com/wordpress/ridestyle/wp-content/uploads/2019/01/bg-video.jpg?id=326) !important;background-position: 0 0 !important;background-repeat: no-repeat !important;}"][vc_column][s7upf_information style="video-popup" video="https://www.youtube.com/watch?v=GGx9OOCkPU8"]
<h2 class="title30 font-bold lora-font">Concealer Guide</h2>
[/s7upf_information][/vc_column][/vc_row]]]></content:encoded>
		<excerpt:encoded><![CDATA[]]></excerpt:encoded>
		<wp:post_id>887</wp:post_id>
		<wp:post_date><![CDATA[2019-01-25 08:06:51]]></wp:post_date>
		<wp:post_date_gmt><![CDATA[2019-01-25 08:06:51]]></wp:post_date_gmt>
		<wp:comment_status><![CDATA[closed]]></wp:comment_status>
		<wp:ping_status><![CDATA[closed]]></wp:ping_status>
		<wp:post_name><![CDATA[before-content-tab]]></wp:post_name>
		<wp:status><![CDATA[publish]]></wp:status>
		<wp:post_parent>0</wp:post_parent>
		<wp:menu_order>0</wp:menu_order>
		<wp:post_type><![CDATA[s7upf_mega_item]]></wp:post_type>
		<wp:post_password><![CDATA[]]></wp:post_password>
		<wp:is_sticky>0</wp:is_sticky>
		<wp:postmeta>
			<wp:meta_key><![CDATA[_wpb_shortcodes_custom_css]]></wp:meta_key>
			<wp:meta_value><![CDATA[.vc_custom_1548403877969{background-image: url(http://7uptheme.com/wordpress/ridestyle/wp-content/uploads/2019/01/bg-video.jpg?id=326) !important;background-position: 0 0 !important;background-repeat: no-repeat !important;}]]></wp:meta_value>
		</wp:postmeta>
		<wp:postmeta>
			<wp:meta_key><![CDATA[_edit_last]]></wp:meta_key>
			<wp:meta_value><![CDATA[1]]></wp:meta_value>
		</wp:postmeta>
		<wp:postmeta>
			<wp:meta_key><![CDATA[_wpb_vc_js_status]]></wp:meta_key>
			<wp:meta_value><![CDATA[false]]></wp:meta_value>
		</wp:postmeta>
	</item>
</channel>
</rss>
