<?xml version="1.0" encoding="UTF-8" ?>
<!-- This is a WordPress eXtended RSS file generated by WordPress as an export of your site. -->
<!-- It contains information about your site's posts, pages, comments, categories, and other content. -->
<!-- You may use this file to transfer that content from one site to another. -->
<!-- This file is not intended to serve as a complete backup of your site. -->

<!-- To import this information into a WordPress site follow these steps: -->
<!-- 1. Log in to that site as an administrator. -->
<!-- 2. Go to Tools: Import in the WordPress admin panel. -->
<!-- 3. Install the "WordPress" importer from the list. -->
<!-- 4. Activate & Run Importer. -->
<!-- 5. Upload this file using the form provided on that page. -->
<!-- 6. You will first be asked to map the authors in this export file to users -->
<!--    on the site. For each author, you may choose to map to an -->
<!--    existing user on the site or to create a new user. -->
<!-- 7. WordPress will then import each of the posts, pages, comments, categories, etc. -->
<!--    contained in this file into your site. -->

<!-- generator="WordPress/5.0.3" created="2019-02-16 02:44" -->
<rss version="2.0"
	xmlns:excerpt="http://wordpress.org/export/1.2/excerpt/"
	xmlns:content="http://purl.org/rss/1.0/modules/content/"
	xmlns:wfw="http://wellformedweb.org/CommentAPI/"
	xmlns:dc="http://purl.org/dc/elements/1.1/"
	xmlns:wp="http://wordpress.org/export/1.2/"
>

<channel>
	<title>ridestyle</title>
	<link>http://7uptheme.com/wordpress/ridestyle</link>
	<description>Just another WordPress site</description>
	<pubDate>Sat, 16 Feb 2019 02:44:52 +0000</pubDate>
	<language>en-US</language>
	<wp:wxr_version>1.2</wp:wxr_version>
	<wp:base_site_url>http://7uptheme.com/wordpress/ridestyle</wp:base_site_url>
	<wp:base_blog_url>http://7uptheme.com/wordpress/ridestyle</wp:base_blog_url>

	<wp:author><wp:author_id>1</wp:author_id><wp:author_login><![CDATA[ridestyle]]></wp:author_login><wp:author_email><![CDATA[contact.7uptheme@gmail.com]]></wp:author_email><wp:author_display_name><![CDATA[ridestyle]]></wp:author_display_name><wp:author_first_name><![CDATA[]]></wp:author_first_name><wp:author_last_name><![CDATA[]]></wp:author_last_name></wp:author>


	<generator>https://wordpress.org/?v=5.0.3</generator>

	<item>
		<title>Smoothing Cleanser Kanebo Japan</title>
		<link>http://7uptheme.com/wordpress/ridestyle/smoothing-cleanser-kanebo-japan/</link>
		<pubDate>Thu, 03 Jan 2019 01:54:24 +0000</pubDate>
		<dc:creator><![CDATA[ridestyle]]></dc:creator>
		<guid isPermaLink="false">http://7uptheme.com/wordpress/ridestyle/?p=198</guid>
		<description></description>
		<content:encoded><![CDATA[[vc_row][vc_column][s7upf_information el_class="demo-post-intro"]
<p class="desc title18 black">It’s mid-October, and the weather is starting to turn cold here in Great Barrington, MA. We’re dreaming of sunny days and sandy beaches while appreciating the beauty of multi-hued leaves. Though we can’t spend our days lounging on a beach, you can!</p>
<p class="desc">We partnered with Joy Mangano, Secret Escapes, San Diego Hat Company, LeLe Sandoughi, and Bluefly to give you the chance to win big. ENTER THE SWEEPSTAKE by October 17th, 2018 for your chance to win a 4-night stay in Punta Cana, Dominican Republic, and the following prizes:</p>

<ul class="list-none gray list-cirlce">
 	<li>$200 Bluefly Gift Card</li>
 	<li>$300 jane iredale Gift Card</li>
 	<li>Three piece luggage set from Joy Mangano</li>
 	<li>$300 Lele Sadoughi Gift Card</li>
 	<li>$300 San Diego Hat Gift Card</li>
</ul>
[/s7upf_information][/vc_column][/vc_row][vc_row][vc_column][s7upf_advertisement image="643" el_class="demo-ads-post"][/s7upf_advertisement][/vc_column][/vc_row][vc_row][vc_column][s7upf_information]
<blockquote>From intimate family dinner parties to large corporate holiday parties, we love the merriment and we like our makeup to reflect our festive mood.</blockquote>
[/s7upf_information][/vc_column][/vc_row][vc_row][vc_column][s7upf_information el_class="demo-post-party"]
<h2 class="title30 font-bold lora-font">Show Us How You Party</h2>
<p class="desc">We want to see your holiday eye makeup looks. Show us how you use Let’s Party or one of our other Eye Shadow Kits to create subtle, bold, or shimmery eye makeup looks and we may feature you on our Instagram page. Make sure to tag your posts using @janeiredale and #GoodBeautyStories so we see them!</p>
[/s7upf_information][/vc_column][/vc_row][vc_row][vc_column width="1/2"][s7upf_advertisement image="644" el_class="demo-ads-post"][/s7upf_advertisement][/vc_column][vc_column width="1/2"][s7upf_advertisement image="645" el_class="demo-ads-post"][/s7upf_advertisement][/vc_column][/vc_row][vc_row][vc_column][s7upf_information]
<p class="desc no-margin">Though we wouldn’t recommend this as an everyday look, the blue-hued holiday eye makeup look would be beautiful if paired with a simple monochromatic outfit. So, pull out your favorite charcoal silk, slip dress and grab Let’s Party because this look is a show stopper!</p>
[/s7upf_information][/vc_column][/vc_row]]]></content:encoded>
		<excerpt:encoded><![CDATA[From intimate family dinner parties to large corporate holiday parties, we love the merriment and we like our makeup to reflect our festive mood.]]></excerpt:encoded>
		<wp:post_id>198</wp:post_id>
		<wp:post_date><![CDATA[2019-01-03 01:54:24]]></wp:post_date>
		<wp:post_date_gmt><![CDATA[2019-01-03 01:54:24]]></wp:post_date_gmt>
		<wp:comment_status><![CDATA[open]]></wp:comment_status>
		<wp:ping_status><![CDATA[open]]></wp:ping_status>
		<wp:post_name><![CDATA[smoothing-cleanser-kanebo-japan]]></wp:post_name>
		<wp:status><![CDATA[publish]]></wp:status>
		<wp:post_parent>0</wp:post_parent>
		<wp:menu_order>0</wp:menu_order>
		<wp:post_type><![CDATA[post]]></wp:post_type>
		<wp:post_password><![CDATA[]]></wp:post_password>
		<wp:is_sticky>0</wp:is_sticky>
		<category domain="post_tag" nicename="base-makeup"><![CDATA[Base Makeup]]></category>
		<category domain="post_tag" nicename="cosmetics"><![CDATA[Cosmetics]]></category>
		<category domain="post_tag" nicename="hair"><![CDATA[Hair]]></category>
		<category domain="post_tag" nicename="lotion"><![CDATA[Lotion]]></category>
		<category domain="category" nicename="makeup-for-beginners"><![CDATA[Makeup for Beginners]]></category>
		<category domain="category" nicename="makeup-for-mature-skin"><![CDATA[Makeup for Mature Skin]]></category>
		<category domain="category" nicename="makeup-for-medium-skin"><![CDATA[Makeup for Medium Skin]]></category>
		<category domain="category" nicename="makeup-hacks"><![CDATA[Makeup Hacks]]></category>
		<wp:postmeta>
			<wp:meta_key><![CDATA[_edit_last]]></wp:meta_key>
			<wp:meta_value><![CDATA[1]]></wp:meta_value>
		</wp:postmeta>
		<wp:postmeta>
			<wp:meta_key><![CDATA[_thumbnail_id]]></wp:meta_key>
			<wp:meta_value><![CDATA[65]]></wp:meta_value>
		</wp:postmeta>
		<wp:postmeta>
			<wp:meta_key><![CDATA[_wpb_vc_js_status]]></wp:meta_key>
			<wp:meta_value><![CDATA[false]]></wp:meta_value>
		</wp:postmeta>
		<wp:postmeta>
			<wp:meta_key><![CDATA[show_title_page]]></wp:meta_key>
			<wp:meta_value><![CDATA[off]]></wp:meta_value>
		</wp:postmeta>
		<wp:postmeta>
			<wp:meta_key><![CDATA[_wpb_shortcodes_custom_css]]></wp:meta_key>
			<wp:meta_value><![CDATA[]]></wp:meta_value>
		</wp:postmeta>
	</item>
	<item>
		<title>Natural Pressed Eye Shadow Channel</title>
		<link>http://7uptheme.com/wordpress/ridestyle/natural-pressed-eye-shadow-channel/</link>
		<pubDate>Thu, 03 Jan 2019 01:59:57 +0000</pubDate>
		<dc:creator><![CDATA[ridestyle]]></dc:creator>
		<guid isPermaLink="false">http://7uptheme.com/wordpress/ridestyle/?p=200</guid>
		<description></description>
		<content:encoded><![CDATA[[vc_row][vc_column][s7upf_information el_class="demo-post-intro"]
<p class="desc title18 black">It’s mid-October, and the weather is starting to turn cold here in Great Barrington, MA. We’re dreaming of sunny days and sandy beaches while appreciating the beauty of multi-hued leaves. Though we can’t spend our days lounging on a beach, you can!</p>
<p class="desc">We partnered with Joy Mangano, Secret Escapes, San Diego Hat Company, LeLe Sandoughi, and Bluefly to give you the chance to win big. ENTER THE SWEEPSTAKE by October 17th, 2018 for your chance to win a 4-night stay in Punta Cana, Dominican Republic, and the following prizes:</p>

<ul class="list-none gray list-cirlce">
 	<li>$200 Bluefly Gift Card</li>
 	<li>$300 jane iredale Gift Card</li>
 	<li>Three piece luggage set from Joy Mangano</li>
 	<li>$300 Lele Sadoughi Gift Card</li>
 	<li>$300 San Diego Hat Gift Card</li>
</ul>
[/s7upf_information][/vc_column][/vc_row][vc_row][vc_column][s7upf_advertisement image="643" el_class="demo-ads-post"][/s7upf_advertisement][/vc_column][/vc_row][vc_row][vc_column][s7upf_information]
<blockquote>From intimate family dinner parties to large corporate holiday parties, we love the merriment and we like our makeup to reflect our festive mood.</blockquote>
[/s7upf_information][/vc_column][/vc_row][vc_row][vc_column][s7upf_information el_class="demo-post-party"]
<h2 class="title30 font-bold lora-font">Show Us How You Party</h2>
<p class="desc">We want to see your holiday eye makeup looks. Show us how you use Let’s Party or one of our other Eye Shadow Kits to create subtle, bold, or shimmery eye makeup looks and we may feature you on our Instagram page. Make sure to tag your posts using @janeiredale and #GoodBeautyStories so we see them!</p>
[/s7upf_information][/vc_column][/vc_row][vc_row][vc_column width="1/2"][s7upf_advertisement image="644" el_class="demo-ads-post"][/s7upf_advertisement][/vc_column][vc_column width="1/2"][s7upf_advertisement image="645" el_class="demo-ads-post"][/s7upf_advertisement][/vc_column][/vc_row][vc_row][vc_column][s7upf_information]
<p class="desc no-margin">Though we wouldn’t recommend this as an everyday look, the blue-hued holiday eye makeup look would be beautiful if paired with a simple monochromatic outfit. So, pull out your favorite charcoal silk, slip dress and grab Let’s Party because this look is a show stopper!</p>
[/s7upf_information][/vc_column][/vc_row]]]></content:encoded>
		<excerpt:encoded><![CDATA[From intimate family dinner parties to large corporate holiday parties, we love the merriment and we like our makeup to reflect our festive mood.]]></excerpt:encoded>
		<wp:post_id>200</wp:post_id>
		<wp:post_date><![CDATA[2019-01-03 01:59:57]]></wp:post_date>
		<wp:post_date_gmt><![CDATA[2019-01-03 01:59:57]]></wp:post_date_gmt>
		<wp:comment_status><![CDATA[open]]></wp:comment_status>
		<wp:ping_status><![CDATA[open]]></wp:ping_status>
		<wp:post_name><![CDATA[natural-pressed-eye-shadow-channel]]></wp:post_name>
		<wp:status><![CDATA[publish]]></wp:status>
		<wp:post_parent>0</wp:post_parent>
		<wp:menu_order>0</wp:menu_order>
		<wp:post_type><![CDATA[post]]></wp:post_type>
		<wp:post_password><![CDATA[]]></wp:post_password>
		<wp:is_sticky>0</wp:is_sticky>
		<category domain="post_tag" nicename="lipstick"><![CDATA[Lipstick]]></category>
		<category domain="post_tag" nicename="lotion"><![CDATA[Lotion]]></category>
		<category domain="category" nicename="makeup-for-dark-skin"><![CDATA[Makeup for Dark Skin]]></category>
		<category domain="category" nicename="makeup-for-mature-skin"><![CDATA[Makeup for Mature Skin]]></category>
		<category domain="category" nicename="makeup-for-medium-skin"><![CDATA[Makeup for Medium Skin]]></category>
		<category domain="category" nicename="makeup-hacks"><![CDATA[Makeup Hacks]]></category>
		<category domain="post_tag" nicename="mascara"><![CDATA[Mascara]]></category>
		<category domain="post_tag" nicename="skincare"><![CDATA[Skincare]]></category>
		<category domain="post_tag" nicename="spa"><![CDATA[Spa]]></category>
		<wp:postmeta>
			<wp:meta_key><![CDATA[_edit_last]]></wp:meta_key>
			<wp:meta_value><![CDATA[1]]></wp:meta_value>
		</wp:postmeta>
		<wp:postmeta>
			<wp:meta_key><![CDATA[_thumbnail_id]]></wp:meta_key>
			<wp:meta_value><![CDATA[66]]></wp:meta_value>
		</wp:postmeta>
		<wp:postmeta>
			<wp:meta_key><![CDATA[_wpb_vc_js_status]]></wp:meta_key>
			<wp:meta_value><![CDATA[false]]></wp:meta_value>
		</wp:postmeta>
		<wp:postmeta>
			<wp:meta_key><![CDATA[show_title_page]]></wp:meta_key>
			<wp:meta_value><![CDATA[off]]></wp:meta_value>
		</wp:postmeta>
		<wp:postmeta>
			<wp:meta_key><![CDATA[_wpb_shortcodes_custom_css]]></wp:meta_key>
			<wp:meta_value><![CDATA[]]></wp:meta_value>
		</wp:postmeta>
	</item>
	<item>
		<title>Lipstick Day: La Tendenza ridestyle Make Up</title>
		<link>http://7uptheme.com/wordpress/ridestyle/lipstick-day-la-tendenza-ridestyle-make-up/</link>
		<pubDate>Thu, 03 Jan 2019 02:15:48 +0000</pubDate>
		<dc:creator><![CDATA[ridestyle]]></dc:creator>
		<guid isPermaLink="false">http://7uptheme.com/wordpress/ridestyle/?p=202</guid>
		<description></description>
		<content:encoded><![CDATA[[vc_row][vc_column][s7upf_information el_class="demo-post-intro"]
<p class="desc title18 black">It’s mid-October, and the weather is starting to turn cold here in Great Barrington, MA. We’re dreaming of sunny days and sandy beaches while appreciating the beauty of multi-hued leaves. Though we can’t spend our days lounging on a beach, you can!</p>
<p class="desc">We partnered with Joy Mangano, Secret Escapes, San Diego Hat Company, LeLe Sandoughi, and Bluefly to give you the chance to win big. ENTER THE SWEEPSTAKE by October 17th, 2018 for your chance to win a 4-night stay in Punta Cana, Dominican Republic, and the following prizes:</p>

<ul class="list-none gray list-cirlce">
 	<li>$200 Bluefly Gift Card</li>
 	<li>$300 jane iredale Gift Card</li>
 	<li>Three piece luggage set from Joy Mangano</li>
 	<li>$300 Lele Sadoughi Gift Card</li>
 	<li>$300 San Diego Hat Gift Card</li>
</ul>
[/s7upf_information][/vc_column][/vc_row][vc_row][vc_column][s7upf_advertisement image="643" el_class="demo-ads-post"][/s7upf_advertisement][/vc_column][/vc_row][vc_row][vc_column][s7upf_information]
<blockquote>From intimate family dinner parties to large corporate holiday parties, we love the merriment and we like our makeup to reflect our festive mood.</blockquote>
[/s7upf_information][/vc_column][/vc_row][vc_row][vc_column][s7upf_information el_class="demo-post-party"]
<h2 class="title30 font-bold lora-font">Show Us How You Party</h2>
<p class="desc">We want to see your holiday eye makeup looks. Show us how you use Let’s Party or one of our other Eye Shadow Kits to create subtle, bold, or shimmery eye makeup looks and we may feature you on our Instagram page. Make sure to tag your posts using @janeiredale and #GoodBeautyStories so we see them!</p>
[/s7upf_information][/vc_column][/vc_row][vc_row][vc_column width="1/2"][s7upf_advertisement image="644" el_class="demo-ads-post"][/s7upf_advertisement][/vc_column][vc_column width="1/2"][s7upf_advertisement image="645" el_class="demo-ads-post"][/s7upf_advertisement][/vc_column][/vc_row][vc_row][vc_column][s7upf_information]
<p class="desc no-margin">Though we wouldn’t recommend this as an everyday look, the blue-hued holiday eye makeup look would be beautiful if paired with a simple monochromatic outfit. So, pull out your favorite charcoal silk, slip dress and grab Let’s Party because this look is a show stopper!</p>
[/s7upf_information][/vc_column][/vc_row]]]></content:encoded>
		<excerpt:encoded><![CDATA[]]></excerpt:encoded>
		<wp:post_id>202</wp:post_id>
		<wp:post_date><![CDATA[2019-01-03 02:15:48]]></wp:post_date>
		<wp:post_date_gmt><![CDATA[2019-01-03 02:15:48]]></wp:post_date_gmt>
		<wp:comment_status><![CDATA[open]]></wp:comment_status>
		<wp:ping_status><![CDATA[open]]></wp:ping_status>
		<wp:post_name><![CDATA[lipstick-day-la-tendenza-ridestyle-make-up]]></wp:post_name>
		<wp:status><![CDATA[publish]]></wp:status>
		<wp:post_parent>0</wp:post_parent>
		<wp:menu_order>0</wp:menu_order>
		<wp:post_type><![CDATA[post]]></wp:post_type>
		<wp:post_password><![CDATA[]]></wp:post_password>
		<wp:is_sticky>0</wp:is_sticky>
		<category domain="post_tag" nicename="base-makeup"><![CDATA[Base Makeup]]></category>
		<category domain="post_tag" nicename="body"><![CDATA[Body]]></category>
		<category domain="post_tag" nicename="cosmetics"><![CDATA[Cosmetics]]></category>
		<category domain="post_tag" nicename="hair"><![CDATA[Hair]]></category>
		<category domain="category" nicename="makeup-for-dark-skin"><![CDATA[Makeup for Dark Skin]]></category>
		<category domain="category" nicename="makeup-for-mature-skin"><![CDATA[Makeup for Mature Skin]]></category>
		<category domain="category" nicename="makeup-for-medium-skin"><![CDATA[Makeup for Medium Skin]]></category>
		<category domain="category" nicename="makeup-for-sensitive-skin"><![CDATA[Makeup for Sensitive Skin]]></category>
		<category domain="post_tag" nicename="video-guide"><![CDATA[Video Guide]]></category>
		<wp:postmeta>
			<wp:meta_key><![CDATA[_edit_last]]></wp:meta_key>
			<wp:meta_value><![CDATA[1]]></wp:meta_value>
		</wp:postmeta>
		<wp:postmeta>
			<wp:meta_key><![CDATA[_thumbnail_id]]></wp:meta_key>
			<wp:meta_value><![CDATA[61]]></wp:meta_value>
		</wp:postmeta>
		<wp:postmeta>
			<wp:meta_key><![CDATA[_wpb_vc_js_status]]></wp:meta_key>
			<wp:meta_value><![CDATA[false]]></wp:meta_value>
		</wp:postmeta>
		<wp:postmeta>
			<wp:meta_key><![CDATA[show_title_page]]></wp:meta_key>
			<wp:meta_value><![CDATA[off]]></wp:meta_value>
		</wp:postmeta>
		<wp:postmeta>
			<wp:meta_key><![CDATA[_wpb_shortcodes_custom_css]]></wp:meta_key>
			<wp:meta_value><![CDATA[]]></wp:meta_value>
		</wp:postmeta>
	</item>
	<item>
		<title>ridestyle Look: Goddess Shay Mitchell</title>
		<link>http://7uptheme.com/wordpress/ridestyle/ridestyle-look-goddess-shay-mitchell/</link>
		<pubDate>Thu, 03 Jan 2019 02:16:51 +0000</pubDate>
		<dc:creator><![CDATA[ridestyle]]></dc:creator>
		<guid isPermaLink="false">http://7uptheme.com/wordpress/ridestyle/?p=204</guid>
		<description></description>
		<content:encoded><![CDATA[[vc_row][vc_column][s7upf_information el_class="demo-post-intro"]
<p class="desc title18 black">It’s mid-October, and the weather is starting to turn cold here in Great Barrington, MA. We’re dreaming of sunny days and sandy beaches while appreciating the beauty of multi-hued leaves. Though we can’t spend our days lounging on a beach, you can!</p>
<p class="desc">We partnered with Joy Mangano, Secret Escapes, San Diego Hat Company, LeLe Sandoughi, and Bluefly to give you the chance to win big. ENTER THE SWEEPSTAKE by October 17th, 2018 for your chance to win a 4-night stay in Punta Cana, Dominican Republic, and the following prizes:</p>

<ul class="list-none gray list-cirlce">
 	<li>$200 Bluefly Gift Card</li>
 	<li>$300 jane iredale Gift Card</li>
 	<li>Three piece luggage set from Joy Mangano</li>
 	<li>$300 Lele Sadoughi Gift Card</li>
 	<li>$300 San Diego Hat Gift Card</li>
</ul>
[/s7upf_information][/vc_column][/vc_row][vc_row][vc_column][s7upf_advertisement image="643" el_class="demo-ads-post"][/s7upf_advertisement][/vc_column][/vc_row][vc_row][vc_column][s7upf_information]
<blockquote>From intimate family dinner parties to large corporate holiday parties, we love the merriment and we like our makeup to reflect our festive mood.</blockquote>
[/s7upf_information][/vc_column][/vc_row][vc_row][vc_column][s7upf_information el_class="demo-post-party"]
<h2 class="title30 font-bold lora-font">Show Us How You Party</h2>
<p class="desc">We want to see your holiday eye makeup looks. Show us how you use Let’s Party or one of our other Eye Shadow Kits to create subtle, bold, or shimmery eye makeup looks and we may feature you on our Instagram page. Make sure to tag your posts using @janeiredale and #GoodBeautyStories so we see them!</p>
[/s7upf_information][/vc_column][/vc_row][vc_row][vc_column width="1/2"][s7upf_advertisement image="644" el_class="demo-ads-post"][/s7upf_advertisement][/vc_column][vc_column width="1/2"][s7upf_advertisement image="645" el_class="demo-ads-post"][/s7upf_advertisement][/vc_column][/vc_row][vc_row][vc_column][s7upf_information]
<p class="desc no-margin">Though we wouldn’t recommend this as an everyday look, the blue-hued holiday eye makeup look would be beautiful if paired with a simple monochromatic outfit. So, pull out your favorite charcoal silk, slip dress and grab Let’s Party because this look is a show stopper!</p>
[/s7upf_information][/vc_column][/vc_row]]]></content:encoded>
		<excerpt:encoded><![CDATA[From intimate family dinner parties to large corporate holiday parties, we love the merriment and we like our makeup to reflect our festive mood.]]></excerpt:encoded>
		<wp:post_id>204</wp:post_id>
		<wp:post_date><![CDATA[2019-01-03 02:16:51]]></wp:post_date>
		<wp:post_date_gmt><![CDATA[2019-01-03 02:16:51]]></wp:post_date_gmt>
		<wp:comment_status><![CDATA[open]]></wp:comment_status>
		<wp:ping_status><![CDATA[open]]></wp:ping_status>
		<wp:post_name><![CDATA[ridestyle-look-goddess-shay-mitchell]]></wp:post_name>
		<wp:status><![CDATA[publish]]></wp:status>
		<wp:post_parent>0</wp:post_parent>
		<wp:menu_order>0</wp:menu_order>
		<wp:post_type><![CDATA[post]]></wp:post_type>
		<wp:post_password><![CDATA[]]></wp:post_password>
		<wp:is_sticky>0</wp:is_sticky>
		<category domain="post_tag" nicename="cosmetics"><![CDATA[Cosmetics]]></category>
		<category domain="post_tag" nicename="lipstick"><![CDATA[Lipstick]]></category>
		<category domain="category" nicename="makeup-for-beginners"><![CDATA[Makeup for Beginners]]></category>
		<category domain="category" nicename="makeup-for-dark-skin"><![CDATA[Makeup for Dark Skin]]></category>
		<category domain="category" nicename="makeup-for-fair-skin"><![CDATA[Makeup for Fair Skin]]></category>
		<category domain="category" nicename="makeup-for-medium-skin"><![CDATA[Makeup for Medium Skin]]></category>
		<category domain="category" nicename="makeup-hacks"><![CDATA[Makeup Hacks]]></category>
		<category domain="post_tag" nicename="mascara"><![CDATA[Mascara]]></category>
		<category domain="post_tag" nicename="nail"><![CDATA[Nail]]></category>
		<category domain="post_tag" nicename="spa"><![CDATA[Spa]]></category>
		<wp:postmeta>
			<wp:meta_key><![CDATA[_edit_last]]></wp:meta_key>
			<wp:meta_value><![CDATA[1]]></wp:meta_value>
		</wp:postmeta>
		<wp:postmeta>
			<wp:meta_key><![CDATA[_thumbnail_id]]></wp:meta_key>
			<wp:meta_value><![CDATA[62]]></wp:meta_value>
		</wp:postmeta>
		<wp:postmeta>
			<wp:meta_key><![CDATA[_wpb_vc_js_status]]></wp:meta_key>
			<wp:meta_value><![CDATA[false]]></wp:meta_value>
		</wp:postmeta>
		<wp:postmeta>
			<wp:meta_key><![CDATA[show_title_page]]></wp:meta_key>
			<wp:meta_value><![CDATA[on]]></wp:meta_value>
		</wp:postmeta>
		<wp:postmeta>
			<wp:meta_key><![CDATA[_wpb_shortcodes_custom_css]]></wp:meta_key>
			<wp:meta_value><![CDATA[]]></wp:meta_value>
		</wp:postmeta>
	</item>
	<item>
		<title>Apply the foundation smoothly from the bridge of the nose</title>
		<link>http://7uptheme.com/wordpress/ridestyle/apply-the-foundation-smoothly-from-the-bridge-of-the-nose/</link>
		<pubDate>Thu, 03 Jan 2019 02:22:36 +0000</pubDate>
		<dc:creator><![CDATA[ridestyle]]></dc:creator>
		<guid isPermaLink="false">http://7uptheme.com/wordpress/ridestyle/?p=206</guid>
		<description></description>
		<content:encoded><![CDATA[[vc_row][vc_column][s7upf_information el_class="demo-post-intro"]
<p class="desc title18 black">It’s mid-October, and the weather is starting to turn cold here in Great Barrington, MA. We’re dreaming of sunny days and sandy beaches while appreciating the beauty of multi-hued leaves. Though we can’t spend our days lounging on a beach, you can!</p>
<p class="desc">We partnered with Joy Mangano, Secret Escapes, San Diego Hat Company, LeLe Sandoughi, and Bluefly to give you the chance to win big. ENTER THE SWEEPSTAKE by October 17th, 2018 for your chance to win a 4-night stay in Punta Cana, Dominican Republic, and the following prizes:</p>

<ul class="list-none gray list-cirlce">
 	<li>$200 Bluefly Gift Card</li>
 	<li>$300 jane iredale Gift Card</li>
 	<li>Three piece luggage set from Joy Mangano</li>
 	<li>$300 Lele Sadoughi Gift Card</li>
 	<li>$300 San Diego Hat Gift Card</li>
</ul>
[/s7upf_information][/vc_column][/vc_row][vc_row][vc_column][s7upf_advertisement image="643" el_class="demo-ads-post"][/s7upf_advertisement][/vc_column][/vc_row][vc_row][vc_column][s7upf_information]
<blockquote>From intimate family dinner parties to large corporate holiday parties, we love the merriment and we like our makeup to reflect our festive mood.</blockquote>
[/s7upf_information][/vc_column][/vc_row][vc_row][vc_column][s7upf_information el_class="demo-post-party"]
<h2 class="title30 font-bold lora-font">Show Us How You Party</h2>
<p class="desc">We want to see your holiday eye makeup looks. Show us how you use Let’s Party or one of our other Eye Shadow Kits to create subtle, bold, or shimmery eye makeup looks and we may feature you on our Instagram page. Make sure to tag your posts using @janeiredale and #GoodBeautyStories so we see them!</p>
[/s7upf_information][/vc_column][/vc_row][vc_row][vc_column width="1/2"][s7upf_advertisement image="644" el_class="demo-ads-post"][/s7upf_advertisement][/vc_column][vc_column width="1/2"][s7upf_advertisement image="645" el_class="demo-ads-post"][/s7upf_advertisement][/vc_column][/vc_row][vc_row][vc_column][s7upf_information]
<p class="desc no-margin">Though we wouldn’t recommend this as an everyday look, the blue-hued holiday eye makeup look would be beautiful if paired with a simple monochromatic outfit. So, pull out your favorite charcoal silk, slip dress and grab Let’s Party because this look is a show stopper!</p>
[/s7upf_information][/vc_column][/vc_row]]]></content:encoded>
		<excerpt:encoded><![CDATA[From intimate family dinner parties to large corporate holiday parties, we love the merriment and we like our makeup to reflect our festive mood.]]></excerpt:encoded>
		<wp:post_id>206</wp:post_id>
		<wp:post_date><![CDATA[2019-01-03 02:22:36]]></wp:post_date>
		<wp:post_date_gmt><![CDATA[2019-01-03 02:22:36]]></wp:post_date_gmt>
		<wp:comment_status><![CDATA[open]]></wp:comment_status>
		<wp:ping_status><![CDATA[open]]></wp:ping_status>
		<wp:post_name><![CDATA[apply-the-foundation-smoothly-from-the-bridge-of-the-nose]]></wp:post_name>
		<wp:status><![CDATA[publish]]></wp:status>
		<wp:post_parent>0</wp:post_parent>
		<wp:menu_order>0</wp:menu_order>
		<wp:post_type><![CDATA[post]]></wp:post_type>
		<wp:post_password><![CDATA[]]></wp:post_password>
		<wp:is_sticky>0</wp:is_sticky>
		<category domain="post_tag" nicename="base-makeup"><![CDATA[Base Makeup]]></category>
		<category domain="post_tag" nicename="body"><![CDATA[Body]]></category>
		<category domain="post_tag" nicename="cosmetics"><![CDATA[Cosmetics]]></category>
		<category domain="post_tag" nicename="lotion"><![CDATA[Lotion]]></category>
		<category domain="category" nicename="makeup-for-dark-skin"><![CDATA[Makeup for Dark Skin]]></category>
		<category domain="category" nicename="makeup-for-fair-skin"><![CDATA[Makeup for Fair Skin]]></category>
		<category domain="category" nicename="makeup-for-mature-skin"><![CDATA[Makeup for Mature Skin]]></category>
		<category domain="category" nicename="makeup-for-medium-skin"><![CDATA[Makeup for Medium Skin]]></category>
		<category domain="category" nicename="makeup-for-sensitive-skin"><![CDATA[Makeup for Sensitive Skin]]></category>
		<category domain="post_tag" nicename="video-guide"><![CDATA[Video Guide]]></category>
		<wp:postmeta>
			<wp:meta_key><![CDATA[_edit_last]]></wp:meta_key>
			<wp:meta_value><![CDATA[1]]></wp:meta_value>
		</wp:postmeta>
		<wp:postmeta>
			<wp:meta_key><![CDATA[_thumbnail_id]]></wp:meta_key>
			<wp:meta_value><![CDATA[63]]></wp:meta_value>
		</wp:postmeta>
		<wp:postmeta>
			<wp:meta_key><![CDATA[_wpb_vc_js_status]]></wp:meta_key>
			<wp:meta_value><![CDATA[false]]></wp:meta_value>
		</wp:postmeta>
		<wp:postmeta>
			<wp:meta_key><![CDATA[show_title_page]]></wp:meta_key>
			<wp:meta_value><![CDATA[off]]></wp:meta_value>
		</wp:postmeta>
		<wp:postmeta>
			<wp:meta_key><![CDATA[_wpb_shortcodes_custom_css]]></wp:meta_key>
			<wp:meta_value><![CDATA[]]></wp:meta_value>
		</wp:postmeta>
	</item>
	<item>
		<title>How to Get Fuller Brows with a Pencil</title>
		<link>http://7uptheme.com/wordpress/ridestyle/how-to-get-fuller-brows-with-a-pencil/</link>
		<pubDate>Thu, 03 Jan 2019 02:24:32 +0000</pubDate>
		<dc:creator><![CDATA[ridestyle]]></dc:creator>
		<guid isPermaLink="false">http://7uptheme.com/wordpress/ridestyle/?p=208</guid>
		<description></description>
		<content:encoded><![CDATA[[vc_row][vc_column][s7upf_information el_class="demo-post-intro"]
<p class="desc title18 black">It’s mid-October, and the weather is starting to turn cold here in Great Barrington, MA. We’re dreaming of sunny days and sandy beaches while appreciating the beauty of multi-hued leaves. Though we can’t spend our days lounging on a beach, you can!</p>
<p class="desc">We partnered with Joy Mangano, Secret Escapes, San Diego Hat Company, LeLe Sandoughi, and Bluefly to give you the chance to win big. ENTER THE SWEEPSTAKE by October 17th, 2018 for your chance to win a 4-night stay in Punta Cana, Dominican Republic, and the following prizes:</p>

<ul class="list-none gray list-cirlce">
 	<li>$200 Bluefly Gift Card</li>
 	<li>$300 jane iredale Gift Card</li>
 	<li>Three piece luggage set from Joy Mangano</li>
 	<li>$300 Lele Sadoughi Gift Card</li>
 	<li>$300 San Diego Hat Gift Card</li>
</ul>
[/s7upf_information][/vc_column][/vc_row][vc_row][vc_column][s7upf_advertisement image="643" el_class="demo-ads-post"][/s7upf_advertisement][/vc_column][/vc_row][vc_row][vc_column][s7upf_information]
<blockquote>From intimate family dinner parties to large corporate holiday parties, we love the merriment and we like our makeup to reflect our festive mood.</blockquote>
[/s7upf_information][/vc_column][/vc_row][vc_row][vc_column][s7upf_information el_class="demo-post-party"]
<h2 class="title30 font-bold lora-font">Show Us How You Party</h2>
<p class="desc">We want to see your holiday eye makeup looks. Show us how you use Let’s Party or one of our other Eye Shadow Kits to create subtle, bold, or shimmery eye makeup looks and we may feature you on our Instagram page. Make sure to tag your posts using @janeiredale and #GoodBeautyStories so we see them!</p>
[/s7upf_information][/vc_column][/vc_row][vc_row][vc_column width="1/2"][s7upf_advertisement image="644" el_class="demo-ads-post"][/s7upf_advertisement][/vc_column][vc_column width="1/2"][s7upf_advertisement image="645" el_class="demo-ads-post"][/s7upf_advertisement][/vc_column][/vc_row][vc_row][vc_column][s7upf_information]
<p class="desc no-margin">Though we wouldn’t recommend this as an everyday look, the blue-hued holiday eye makeup look would be beautiful if paired with a simple monochromatic outfit. So, pull out your favorite charcoal silk, slip dress and grab Let’s Party because this look is a show stopper!</p>
[/s7upf_information][/vc_column][/vc_row]]]></content:encoded>
		<excerpt:encoded><![CDATA[From intimate family dinner parties to large corporate holiday parties, we love the merriment and we like our makeup to reflect our festive mood.]]></excerpt:encoded>
		<wp:post_id>208</wp:post_id>
		<wp:post_date><![CDATA[2019-01-03 02:24:32]]></wp:post_date>
		<wp:post_date_gmt><![CDATA[2019-01-03 02:24:32]]></wp:post_date_gmt>
		<wp:comment_status><![CDATA[open]]></wp:comment_status>
		<wp:ping_status><![CDATA[open]]></wp:ping_status>
		<wp:post_name><![CDATA[how-to-get-fuller-brows-with-a-pencil]]></wp:post_name>
		<wp:status><![CDATA[publish]]></wp:status>
		<wp:post_parent>0</wp:post_parent>
		<wp:menu_order>0</wp:menu_order>
		<wp:post_type><![CDATA[post]]></wp:post_type>
		<wp:post_password><![CDATA[]]></wp:post_password>
		<wp:is_sticky>0</wp:is_sticky>
		<category domain="post_tag" nicename="cosmetics"><![CDATA[Cosmetics]]></category>
		<category domain="post_tag" nicename="lotion"><![CDATA[Lotion]]></category>
		<category domain="category" nicename="makeup-for-mature-skin"><![CDATA[Makeup for Mature Skin]]></category>
		<category domain="category" nicename="makeup-for-medium-skin"><![CDATA[Makeup for Medium Skin]]></category>
		<category domain="category" nicename="makeup-hacks"><![CDATA[Makeup Hacks]]></category>
		<category domain="post_tag" nicename="mask"><![CDATA[Mask]]></category>
		<category domain="post_tag" nicename="nail"><![CDATA[Nail]]></category>
		<category domain="post_tag" nicename="skincare"><![CDATA[Skincare]]></category>
		<wp:postmeta>
			<wp:meta_key><![CDATA[_edit_last]]></wp:meta_key>
			<wp:meta_value><![CDATA[1]]></wp:meta_value>
		</wp:postmeta>
		<wp:postmeta>
			<wp:meta_key><![CDATA[_thumbnail_id]]></wp:meta_key>
			<wp:meta_value><![CDATA[64]]></wp:meta_value>
		</wp:postmeta>
		<wp:postmeta>
			<wp:meta_key><![CDATA[_wpb_vc_js_status]]></wp:meta_key>
			<wp:meta_value><![CDATA[false]]></wp:meta_value>
		</wp:postmeta>
		<wp:postmeta>
			<wp:meta_key><![CDATA[show_title_page]]></wp:meta_key>
			<wp:meta_value><![CDATA[off]]></wp:meta_value>
		</wp:postmeta>
		<wp:postmeta>
			<wp:meta_key><![CDATA[s7upf_sidebar_position]]></wp:meta_key>
			<wp:meta_value><![CDATA[right]]></wp:meta_value>
		</wp:postmeta>
		<wp:postmeta>
			<wp:meta_key><![CDATA[s7upf_select_sidebar]]></wp:meta_key>
			<wp:meta_value><![CDATA[blog-sidebar]]></wp:meta_value>
		</wp:postmeta>
		<wp:postmeta>
			<wp:meta_key><![CDATA[_wpb_shortcodes_custom_css]]></wp:meta_key>
			<wp:meta_value><![CDATA[]]></wp:meta_value>
		</wp:postmeta>
	</item>
	<item>
		<title>Everything You Need to Know about BB Cream</title>
		<link>http://7uptheme.com/wordpress/ridestyle/everything-you-need-to-know-about-bb-cream/</link>
		<pubDate>Thu, 03 Jan 2019 02:25:42 +0000</pubDate>
		<dc:creator><![CDATA[ridestyle]]></dc:creator>
		<guid isPermaLink="false">http://7uptheme.com/wordpress/ridestyle/?p=211</guid>
		<description></description>
		<content:encoded><![CDATA[[vc_row][vc_column][s7upf_information el_class="demo-post-intro"]
<p class="desc title18 black">It’s mid-October, and the weather is starting to turn cold here in Great Barrington, MA. We’re dreaming of sunny days and sandy beaches while appreciating the beauty of multi-hued leaves. Though we can’t spend our days lounging on a beach, you can!</p>
<p class="desc">We partnered with Joy Mangano, Secret Escapes, San Diego Hat Company, LeLe Sandoughi, and Bluefly to give you the chance to win big. ENTER THE SWEEPSTAKE by October 17th, 2018 for your chance to win a 4-night stay in Punta Cana, Dominican Republic, and the following prizes:</p>

<ul class="list-none gray list-cirlce">
 	<li>$200 Bluefly Gift Card</li>
 	<li>$300 jane iredale Gift Card</li>
 	<li>Three piece luggage set from Joy Mangano</li>
 	<li>$300 Lele Sadoughi Gift Card</li>
 	<li>$300 San Diego Hat Gift Card</li>
</ul>
[/s7upf_information][/vc_column][/vc_row][vc_row][vc_column][s7upf_advertisement image="643" el_class="demo-ads-post"][/s7upf_advertisement][/vc_column][/vc_row][vc_row][vc_column][s7upf_information]
<blockquote>From intimate family dinner parties to large corporate holiday parties, we love the merriment and we like our makeup to reflect our festive mood.</blockquote>
[/s7upf_information][/vc_column][/vc_row][vc_row][vc_column][s7upf_information el_class="demo-post-party"]
<h2 class="title30 font-bold lora-font">Show Us How You Party</h2>
<p class="desc">We want to see your holiday eye makeup looks. Show us how you use Let’s Party or one of our other Eye Shadow Kits to create subtle, bold, or shimmery eye makeup looks and we may feature you on our Instagram page. Make sure to tag your posts using @janeiredale and #GoodBeautyStories so we see them!</p>
[/s7upf_information][/vc_column][/vc_row][vc_row][vc_column width="1/2"][s7upf_advertisement image="644" el_class="demo-ads-post"][/s7upf_advertisement][/vc_column][vc_column width="1/2"][s7upf_advertisement image="645" el_class="demo-ads-post"][/s7upf_advertisement][/vc_column][/vc_row][vc_row][vc_column][s7upf_information]
<p class="desc no-margin">Though we wouldn’t recommend this as an everyday look, the blue-hued holiday eye makeup look would be beautiful if paired with a simple monochromatic outfit. So, pull out your favorite charcoal silk, slip dress and grab Let’s Party because this look is a show stopper!</p>
[/s7upf_information][/vc_column][/vc_row]]]></content:encoded>
		<excerpt:encoded><![CDATA[From intimate family dinner parties to large corporate holiday parties, we love the merriment and we like our makeup to reflect our festive mood.]]></excerpt:encoded>
		<wp:post_id>211</wp:post_id>
		<wp:post_date><![CDATA[2019-01-03 02:25:42]]></wp:post_date>
		<wp:post_date_gmt><![CDATA[2019-01-03 02:25:42]]></wp:post_date_gmt>
		<wp:comment_status><![CDATA[open]]></wp:comment_status>
		<wp:ping_status><![CDATA[open]]></wp:ping_status>
		<wp:post_name><![CDATA[everything-you-need-to-know-about-bb-cream]]></wp:post_name>
		<wp:status><![CDATA[publish]]></wp:status>
		<wp:post_parent>0</wp:post_parent>
		<wp:menu_order>0</wp:menu_order>
		<wp:post_type><![CDATA[post]]></wp:post_type>
		<wp:post_password><![CDATA[]]></wp:post_password>
		<wp:is_sticky>0</wp:is_sticky>
		<category domain="post_tag" nicename="body"><![CDATA[Body]]></category>
		<category domain="post_tag" nicename="lotion"><![CDATA[Lotion]]></category>
		<category domain="category" nicename="makeup-for-beginners"><![CDATA[Makeup for Beginners]]></category>
		<category domain="category" nicename="makeup-for-dark-skin"><![CDATA[Makeup for Dark Skin]]></category>
		<category domain="category" nicename="makeup-for-fair-skin"><![CDATA[Makeup for Fair Skin]]></category>
		<category domain="category" nicename="makeup-for-sensitive-skin"><![CDATA[Makeup for Sensitive Skin]]></category>
		<category domain="post_tag" nicename="spa"><![CDATA[Spa]]></category>
		<category domain="post_tag" nicename="video-guide"><![CDATA[Video Guide]]></category>
		<wp:postmeta>
			<wp:meta_key><![CDATA[_edit_last]]></wp:meta_key>
			<wp:meta_value><![CDATA[1]]></wp:meta_value>
		</wp:postmeta>
		<wp:postmeta>
			<wp:meta_key><![CDATA[_thumbnail_id]]></wp:meta_key>
			<wp:meta_value><![CDATA[67]]></wp:meta_value>
		</wp:postmeta>
		<wp:postmeta>
			<wp:meta_key><![CDATA[_wpb_vc_js_status]]></wp:meta_key>
			<wp:meta_value><![CDATA[false]]></wp:meta_value>
		</wp:postmeta>
		<wp:postmeta>
			<wp:meta_key><![CDATA[show_title_page]]></wp:meta_key>
			<wp:meta_value><![CDATA[off]]></wp:meta_value>
		</wp:postmeta>
		<wp:postmeta>
			<wp:meta_key><![CDATA[s7upf_sidebar_position]]></wp:meta_key>
			<wp:meta_value><![CDATA[left]]></wp:meta_value>
		</wp:postmeta>
		<wp:postmeta>
			<wp:meta_key><![CDATA[s7upf_select_sidebar]]></wp:meta_key>
			<wp:meta_value><![CDATA[blog-sidebar]]></wp:meta_value>
		</wp:postmeta>
		<wp:postmeta>
			<wp:meta_key><![CDATA[_wpb_shortcodes_custom_css]]></wp:meta_key>
			<wp:meta_value><![CDATA[]]></wp:meta_value>
		</wp:postmeta>
	</item>
	<item>
		<title>3 Steps to Stop Eye Shadow Creasing</title>
		<link>http://7uptheme.com/wordpress/ridestyle/3-steps-to-stop-eye-shadow-creasing/</link>
		<pubDate>Thu, 03 Jan 2019 02:28:00 +0000</pubDate>
		<dc:creator><![CDATA[ridestyle]]></dc:creator>
		<guid isPermaLink="false">http://7uptheme.com/wordpress/ridestyle/?p=213</guid>
		<description></description>
		<content:encoded><![CDATA[[vc_row][vc_column][s7upf_information el_class="demo-post-intro"]
<p class="desc title18 black">It’s mid-October, and the weather is starting to turn cold here in Great Barrington, MA. We’re dreaming of sunny days and sandy beaches while appreciating the beauty of multi-hued leaves. Though we can’t spend our days lounging on a beach, you can!</p>
<p class="desc">We partnered with Joy Mangano, Secret Escapes, San Diego Hat Company, LeLe Sandoughi, and Bluefly to give you the chance to win big. ENTER THE SWEEPSTAKE by October 17th, 2018 for your chance to win a 4-night stay in Punta Cana, Dominican Republic, and the following prizes:</p>

<ul class="list-none gray list-cirlce">
 	<li>$200 Bluefly Gift Card</li>
 	<li>$300 jane iredale Gift Card</li>
 	<li>Three piece luggage set from Joy Mangano</li>
 	<li>$300 Lele Sadoughi Gift Card</li>
 	<li>$300 San Diego Hat Gift Card</li>
</ul>
[/s7upf_information][/vc_column][/vc_row][vc_row][vc_column][s7upf_advertisement image="643" el_class="demo-ads-post"][/s7upf_advertisement][/vc_column][/vc_row][vc_row][vc_column][s7upf_information]
<blockquote>From intimate family dinner parties to large corporate holiday parties, we love the merriment and we like our makeup to reflect our festive mood.</blockquote>
[/s7upf_information][/vc_column][/vc_row][vc_row][vc_column][s7upf_information el_class="demo-post-party"]
<h2 class="title30 font-bold lora-font">Show Us How You Party</h2>
<p class="desc">We want to see your holiday eye makeup looks. Show us how you use Let’s Party or one of our other Eye Shadow Kits to create subtle, bold, or shimmery eye makeup looks and we may feature you on our Instagram page. Make sure to tag your posts using @janeiredale and #GoodBeautyStories so we see them!</p>
[/s7upf_information][/vc_column][/vc_row][vc_row][vc_column width="1/2"][s7upf_advertisement image="644" el_class="demo-ads-post"][/s7upf_advertisement][/vc_column][vc_column width="1/2"][s7upf_advertisement image="645" el_class="demo-ads-post"][/s7upf_advertisement][/vc_column][/vc_row][vc_row][vc_column][s7upf_information]
<p class="desc no-margin">Though we wouldn’t recommend this as an everyday look, the blue-hued holiday eye makeup look would be beautiful if paired with a simple monochromatic outfit. So, pull out your favorite charcoal silk, slip dress and grab Let’s Party because this look is a show stopper!</p>
[/s7upf_information][/vc_column][/vc_row]]]></content:encoded>
		<excerpt:encoded><![CDATA[From intimate family dinner parties to large corporate holiday parties, we love the merriment and we like our makeup to reflect our festive mood.]]></excerpt:encoded>
		<wp:post_id>213</wp:post_id>
		<wp:post_date><![CDATA[2019-01-03 02:28:00]]></wp:post_date>
		<wp:post_date_gmt><![CDATA[2019-01-03 02:28:00]]></wp:post_date_gmt>
		<wp:comment_status><![CDATA[open]]></wp:comment_status>
		<wp:ping_status><![CDATA[open]]></wp:ping_status>
		<wp:post_name><![CDATA[3-steps-to-stop-eye-shadow-creasing]]></wp:post_name>
		<wp:status><![CDATA[publish]]></wp:status>
		<wp:post_parent>0</wp:post_parent>
		<wp:menu_order>0</wp:menu_order>
		<wp:post_type><![CDATA[post]]></wp:post_type>
		<wp:post_password><![CDATA[]]></wp:post_password>
		<wp:is_sticky>0</wp:is_sticky>
		<category domain="post_tag" nicename="base-makeup"><![CDATA[Base Makeup]]></category>
		<category domain="post_tag" nicename="body"><![CDATA[Body]]></category>
		<category domain="category" nicename="makeup-for-beginners"><![CDATA[Makeup for Beginners]]></category>
		<category domain="category" nicename="makeup-for-dark-skin"><![CDATA[Makeup for Dark Skin]]></category>
		<category domain="category" nicename="makeup-for-mature-skin"><![CDATA[Makeup for Mature Skin]]></category>
		<category domain="category" nicename="makeup-hacks"><![CDATA[Makeup Hacks]]></category>
		<category domain="post_tag" nicename="mascara"><![CDATA[Mascara]]></category>
		<category domain="post_tag" nicename="mask"><![CDATA[Mask]]></category>
		<category domain="post_format" nicename="post-format-audio"><![CDATA[Audio]]></category>
		<category domain="post_tag" nicename="skincare"><![CDATA[Skincare]]></category>
		<wp:postmeta>
			<wp:meta_key><![CDATA[_edit_last]]></wp:meta_key>
			<wp:meta_value><![CDATA[1]]></wp:meta_value>
		</wp:postmeta>
		<wp:postmeta>
			<wp:meta_key><![CDATA[_thumbnail_id]]></wp:meta_key>
			<wp:meta_value><![CDATA[68]]></wp:meta_value>
		</wp:postmeta>
		<wp:postmeta>
			<wp:meta_key><![CDATA[_wpb_vc_js_status]]></wp:meta_key>
			<wp:meta_value><![CDATA[false]]></wp:meta_value>
		</wp:postmeta>
		<wp:postmeta>
			<wp:meta_key><![CDATA[show_title_page]]></wp:meta_key>
			<wp:meta_value><![CDATA[off]]></wp:meta_value>
		</wp:postmeta>
		<wp:postmeta>
			<wp:meta_key><![CDATA[format_media]]></wp:meta_key>
			<wp:meta_value><![CDATA[https://soundcloud.com/hexmanialabel/tropical-eye-shadow]]></wp:meta_value>
		</wp:postmeta>
		<wp:postmeta>
			<wp:meta_key><![CDATA[_wpb_shortcodes_custom_css]]></wp:meta_key>
			<wp:meta_value><![CDATA[]]></wp:meta_value>
		</wp:postmeta>
	</item>
	<item>
		<title>How to Spring Clean Your Beauty Routine</title>
		<link>http://7uptheme.com/wordpress/ridestyle/how-to-spring-clean-your-beauty-routine/</link>
		<pubDate>Thu, 03 Jan 2019 02:29:14 +0000</pubDate>
		<dc:creator><![CDATA[ridestyle]]></dc:creator>
		<guid isPermaLink="false">http://7uptheme.com/wordpress/ridestyle/?p=215</guid>
		<description></description>
		<content:encoded><![CDATA[[vc_row][vc_column][s7upf_information el_class="demo-post-intro"]
<p class="desc title18 black">It’s mid-October, and the weather is starting to turn cold here in Great Barrington, MA. We’re dreaming of sunny days and sandy beaches while appreciating the beauty of multi-hued leaves. Though we can’t spend our days lounging on a beach, you can!</p>
<p class="desc">We partnered with Joy Mangano, Secret Escapes, San Diego Hat Company, LeLe Sandoughi, and Bluefly to give you the chance to win big. ENTER THE SWEEPSTAKE by October 17th, 2018 for your chance to win a 4-night stay in Punta Cana, Dominican Republic, and the following prizes:</p>

<ul class="list-none gray list-cirlce">
 	<li>$200 Bluefly Gift Card</li>
 	<li>$300 jane iredale Gift Card</li>
 	<li>Three piece luggage set from Joy Mangano</li>
 	<li>$300 Lele Sadoughi Gift Card</li>
 	<li>$300 San Diego Hat Gift Card</li>
</ul>
[/s7upf_information][/vc_column][/vc_row][vc_row][vc_column][s7upf_advertisement image="643" el_class="demo-ads-post"][/s7upf_advertisement][/vc_column][/vc_row][vc_row][vc_column][s7upf_information]
<blockquote>From intimate family dinner parties to large corporate holiday parties, we love the merriment and we like our makeup to reflect our festive mood.</blockquote>
[/s7upf_information][/vc_column][/vc_row][vc_row][vc_column][s7upf_information el_class="demo-post-party"]
<h2 class="title30 font-bold lora-font">Show Us How You Party</h2>
<p class="desc">We want to see your holiday eye makeup looks. Show us how you use Let’s Party or one of our other Eye Shadow Kits to create subtle, bold, or shimmery eye makeup looks and we may feature you on our Instagram page. Make sure to tag your posts using @janeiredale and #GoodBeautyStories so we see them!</p>
[/s7upf_information][/vc_column][/vc_row][vc_row][vc_column width="1/2"][s7upf_advertisement image="644" el_class="demo-ads-post"][/s7upf_advertisement][/vc_column][vc_column width="1/2"][s7upf_advertisement image="645" el_class="demo-ads-post"][/s7upf_advertisement][/vc_column][/vc_row][vc_row][vc_column][s7upf_information]
<p class="desc no-margin">Though we wouldn’t recommend this as an everyday look, the blue-hued holiday eye makeup look would be beautiful if paired with a simple monochromatic outfit. So, pull out your favorite charcoal silk, slip dress and grab Let’s Party because this look is a show stopper!</p>
[/s7upf_information][/vc_column][/vc_row]]]></content:encoded>
		<excerpt:encoded><![CDATA[From intimate family dinner parties to large corporate holiday parties, we love the merriment and we like our makeup to reflect our festive mood.]]></excerpt:encoded>
		<wp:post_id>215</wp:post_id>
		<wp:post_date><![CDATA[2019-01-03 02:29:14]]></wp:post_date>
		<wp:post_date_gmt><![CDATA[2019-01-03 02:29:14]]></wp:post_date_gmt>
		<wp:comment_status><![CDATA[open]]></wp:comment_status>
		<wp:ping_status><![CDATA[open]]></wp:ping_status>
		<wp:post_name><![CDATA[how-to-spring-clean-your-beauty-routine]]></wp:post_name>
		<wp:status><![CDATA[publish]]></wp:status>
		<wp:post_parent>0</wp:post_parent>
		<wp:menu_order>0</wp:menu_order>
		<wp:post_type><![CDATA[post]]></wp:post_type>
		<wp:post_password><![CDATA[]]></wp:post_password>
		<wp:is_sticky>0</wp:is_sticky>
		<category domain="post_tag" nicename="lipstick"><![CDATA[Lipstick]]></category>
		<category domain="post_tag" nicename="lotion"><![CDATA[Lotion]]></category>
		<category domain="category" nicename="makeup-for-dark-skin"><![CDATA[Makeup for Dark Skin]]></category>
		<category domain="category" nicename="makeup-for-medium-skin"><![CDATA[Makeup for Medium Skin]]></category>
		<category domain="category" nicename="makeup-for-sensitive-skin"><![CDATA[Makeup for Sensitive Skin]]></category>
		<category domain="post_tag" nicename="mask"><![CDATA[Mask]]></category>
		<category domain="post_format" nicename="post-format-gallery"><![CDATA[Gallery]]></category>
		<category domain="post_tag" nicename="video-guide"><![CDATA[Video Guide]]></category>
		<wp:postmeta>
			<wp:meta_key><![CDATA[_edit_last]]></wp:meta_key>
			<wp:meta_value><![CDATA[1]]></wp:meta_value>
		</wp:postmeta>
		<wp:postmeta>
			<wp:meta_key><![CDATA[_thumbnail_id]]></wp:meta_key>
			<wp:meta_value><![CDATA[69]]></wp:meta_value>
		</wp:postmeta>
		<wp:postmeta>
			<wp:meta_key><![CDATA[_wpb_vc_js_status]]></wp:meta_key>
			<wp:meta_value><![CDATA[false]]></wp:meta_value>
		</wp:postmeta>
		<wp:postmeta>
			<wp:meta_key><![CDATA[show_title_page]]></wp:meta_key>
			<wp:meta_value><![CDATA[off]]></wp:meta_value>
		</wp:postmeta>
		<wp:postmeta>
			<wp:meta_key><![CDATA[format_gallery]]></wp:meta_key>
			<wp:meta_value><![CDATA[64,65,66]]></wp:meta_value>
		</wp:postmeta>
		<wp:postmeta>
			<wp:meta_key><![CDATA[_wpb_shortcodes_custom_css]]></wp:meta_key>
			<wp:meta_value><![CDATA[]]></wp:meta_value>
		</wp:postmeta>
	</item>
	<item>
		<title>Brush Tips from Pro Makeup Artists</title>
		<link>http://7uptheme.com/wordpress/ridestyle/brush-tips-from-pro-makeup-artists/</link>
		<pubDate>Thu, 03 Jan 2019 02:30:35 +0000</pubDate>
		<dc:creator><![CDATA[ridestyle]]></dc:creator>
		<guid isPermaLink="false">http://7uptheme.com/wordpress/ridestyle/?p=217</guid>
		<description></description>
		<content:encoded><![CDATA[[vc_row][vc_column][s7upf_information el_class="demo-post-intro"]
<p class="desc title18 black">It’s mid-October, and the weather is starting to turn cold here in Great Barrington, MA. We’re dreaming of sunny days and sandy beaches while appreciating the beauty of multi-hued leaves. Though we can’t spend our days lounging on a beach, you can!</p>
<p class="desc">We partnered with Joy Mangano, Secret Escapes, San Diego Hat Company, LeLe Sandoughi, and Bluefly to give you the chance to win big. ENTER THE SWEEPSTAKE by October 17th, 2018 for your chance to win a 4-night stay in Punta Cana, Dominican Republic, and the following prizes:</p>

<ul class="list-none gray list-cirlce">
 	<li>$200 Bluefly Gift Card</li>
 	<li>$300 jane iredale Gift Card</li>
 	<li>Three piece luggage set from Joy Mangano</li>
 	<li>$300 Lele Sadoughi Gift Card</li>
 	<li>$300 San Diego Hat Gift Card</li>
</ul>
[/s7upf_information][/vc_column][/vc_row][vc_row][vc_column][s7upf_advertisement image="643" el_class="demo-ads-post"][/s7upf_advertisement][/vc_column][/vc_row][vc_row][vc_column][s7upf_information]
<blockquote>From intimate family dinner parties to large corporate holiday parties, we love the merriment and we like our makeup to reflect our festive mood.</blockquote>
[/s7upf_information][/vc_column][/vc_row][vc_row][vc_column][s7upf_information el_class="demo-post-party"]
<h2 class="title30 font-bold lora-font">Show Us How You Party</h2>
<p class="desc">We want to see your holiday eye makeup looks. Show us how you use Let’s Party or one of our other Eye Shadow Kits to create subtle, bold, or shimmery eye makeup looks and we may feature you on our Instagram page. Make sure to tag your posts using @janeiredale and #GoodBeautyStories so we see them!</p>
[/s7upf_information][/vc_column][/vc_row][vc_row][vc_column width="1/2"][s7upf_advertisement image="644" el_class="demo-ads-post"][/s7upf_advertisement][/vc_column][vc_column width="1/2"][s7upf_advertisement image="645" el_class="demo-ads-post"][/s7upf_advertisement][/vc_column][/vc_row][vc_row][vc_column][s7upf_information]
<p class="desc no-margin">Though we wouldn’t recommend this as an everyday look, the blue-hued holiday eye makeup look would be beautiful if paired with a simple monochromatic outfit. So, pull out your favorite charcoal silk, slip dress and grab Let’s Party because this look is a show stopper!</p>
[/s7upf_information][/vc_column][/vc_row]]]></content:encoded>
		<excerpt:encoded><![CDATA[From intimate family dinner parties to large corporate holiday parties, we love the merriment and we like our makeup to reflect our festive mood.]]></excerpt:encoded>
		<wp:post_id>217</wp:post_id>
		<wp:post_date><![CDATA[2019-01-03 02:30:35]]></wp:post_date>
		<wp:post_date_gmt><![CDATA[2019-01-03 02:30:35]]></wp:post_date_gmt>
		<wp:comment_status><![CDATA[open]]></wp:comment_status>
		<wp:ping_status><![CDATA[open]]></wp:ping_status>
		<wp:post_name><![CDATA[brush-tips-from-pro-makeup-artists]]></wp:post_name>
		<wp:status><![CDATA[publish]]></wp:status>
		<wp:post_parent>0</wp:post_parent>
		<wp:menu_order>0</wp:menu_order>
		<wp:post_type><![CDATA[post]]></wp:post_type>
		<wp:post_password><![CDATA[]]></wp:post_password>
		<wp:is_sticky>0</wp:is_sticky>
		<category domain="post_tag" nicename="base-makeup"><![CDATA[Base Makeup]]></category>
		<category domain="post_tag" nicename="body"><![CDATA[Body]]></category>
		<category domain="post_tag" nicename="hair"><![CDATA[Hair]]></category>
		<category domain="category" nicename="makeup-for-dark-skin"><![CDATA[Makeup for Dark Skin]]></category>
		<category domain="category" nicename="makeup-for-fair-skin"><![CDATA[Makeup for Fair Skin]]></category>
		<category domain="category" nicename="makeup-for-mature-skin"><![CDATA[Makeup for Mature Skin]]></category>
		<category domain="category" nicename="makeup-hacks"><![CDATA[Makeup Hacks]]></category>
		<category domain="post_format" nicename="post-format-video"><![CDATA[Video]]></category>
		<category domain="post_tag" nicename="skincare"><![CDATA[Skincare]]></category>
		<category domain="post_tag" nicename="spa"><![CDATA[Spa]]></category>
		<wp:postmeta>
			<wp:meta_key><![CDATA[_edit_last]]></wp:meta_key>
			<wp:meta_value><![CDATA[1]]></wp:meta_value>
		</wp:postmeta>
		<wp:postmeta>
			<wp:meta_key><![CDATA[_thumbnail_id]]></wp:meta_key>
			<wp:meta_value><![CDATA[70]]></wp:meta_value>
		</wp:postmeta>
		<wp:postmeta>
			<wp:meta_key><![CDATA[_wpb_vc_js_status]]></wp:meta_key>
			<wp:meta_value><![CDATA[false]]></wp:meta_value>
		</wp:postmeta>
		<wp:postmeta>
			<wp:meta_key><![CDATA[show_title_page]]></wp:meta_key>
			<wp:meta_value><![CDATA[off]]></wp:meta_value>
		</wp:postmeta>
		<wp:postmeta>
			<wp:meta_key><![CDATA[format_media]]></wp:meta_key>
			<wp:meta_value><![CDATA[https://www.youtube.com/watch?v=ARwb_jovH8s]]></wp:meta_value>
		</wp:postmeta>
		<wp:postmeta>
			<wp:meta_key><![CDATA[_wpb_shortcodes_custom_css]]></wp:meta_key>
			<wp:meta_value><![CDATA[]]></wp:meta_value>
		</wp:postmeta>
	</item>
	<item>
		<title>How to Find Your Foundation Shade Match</title>
		<link>http://7uptheme.com/wordpress/ridestyle/how-to-find-your-foundation-shade-match/</link>
		<pubDate>Thu, 03 Jan 2019 02:31:54 +0000</pubDate>
		<dc:creator><![CDATA[ridestyle]]></dc:creator>
		<guid isPermaLink="false">http://7uptheme.com/wordpress/ridestyle/?p=220</guid>
		<description></description>
		<content:encoded><![CDATA[[vc_row][vc_column][s7upf_information el_class="demo-post-intro"]
<p class="desc title18 black">It’s mid-October, and the weather is starting to turn cold here in Great Barrington, MA. We’re dreaming of sunny days and sandy beaches while appreciating the beauty of multi-hued leaves. Though we can’t spend our days lounging on a beach, you can!</p>
<p class="desc">We partnered with Joy Mangano, Secret Escapes, San Diego Hat Company, LeLe Sandoughi, and Bluefly to give you the chance to win big. ENTER THE SWEEPSTAKE by October 17th, 2018 for your chance to win a 4-night stay in Punta Cana, Dominican Republic, and the following prizes:</p>

<ul class="list-none gray list-cirlce">
 	<li>$200 Bluefly Gift Card</li>
 	<li>$300 jane iredale Gift Card</li>
 	<li>Three piece luggage set from Joy Mangano</li>
 	<li>$300 Lele Sadoughi Gift Card</li>
 	<li>$300 San Diego Hat Gift Card</li>
</ul>
[/s7upf_information][/vc_column][/vc_row][vc_row][vc_column][s7upf_advertisement image="643" el_class="demo-ads-post"][/s7upf_advertisement][/vc_column][/vc_row][vc_row][vc_column][s7upf_information]
<blockquote>From intimate family dinner parties to large corporate holiday parties, we love the merriment and we like our makeup to reflect our festive mood.</blockquote>
[/s7upf_information][/vc_column][/vc_row][vc_row][vc_column][s7upf_information el_class="demo-post-party"]
<h2 class="title30 font-bold lora-font">Show Us How You Party</h2>
<p class="desc">We want to see your holiday eye makeup looks. Show us how you use Let’s Party or one of our other Eye Shadow Kits to create subtle, bold, or shimmery eye makeup looks and we may feature you on our Instagram page. Make sure to tag your posts using @janeiredale and #GoodBeautyStories so we see them!</p>
[/s7upf_information][/vc_column][/vc_row][vc_row][vc_column width="1/2"][s7upf_advertisement image="644" el_class="demo-ads-post"][/s7upf_advertisement][/vc_column][vc_column width="1/2"][s7upf_advertisement image="645" el_class="demo-ads-post"][/s7upf_advertisement][/vc_column][/vc_row][vc_row][vc_column][s7upf_information]
<p class="desc no-margin">Though we wouldn’t recommend this as an everyday look, the blue-hued holiday eye makeup look would be beautiful if paired with a simple monochromatic outfit. So, pull out your favorite charcoal silk, slip dress and grab Let’s Party because this look is a show stopper!</p>
[/s7upf_information][/vc_column][/vc_row]]]></content:encoded>
		<excerpt:encoded><![CDATA[From intimate family dinner parties to large corporate holiday parties, we love the merriment and we like our makeup to reflect our festive mood.]]></excerpt:encoded>
		<wp:post_id>220</wp:post_id>
		<wp:post_date><![CDATA[2019-01-03 02:31:54]]></wp:post_date>
		<wp:post_date_gmt><![CDATA[2019-01-03 02:31:54]]></wp:post_date_gmt>
		<wp:comment_status><![CDATA[open]]></wp:comment_status>
		<wp:ping_status><![CDATA[open]]></wp:ping_status>
		<wp:post_name><![CDATA[how-to-find-your-foundation-shade-match]]></wp:post_name>
		<wp:status><![CDATA[publish]]></wp:status>
		<wp:post_parent>0</wp:post_parent>
		<wp:menu_order>0</wp:menu_order>
		<wp:post_type><![CDATA[post]]></wp:post_type>
		<wp:post_password><![CDATA[]]></wp:post_password>
		<wp:is_sticky>0</wp:is_sticky>
		<category domain="post_tag" nicename="cosmetics"><![CDATA[Cosmetics]]></category>
		<category domain="post_tag" nicename="hair"><![CDATA[Hair]]></category>
		<category domain="category" nicename="makeup-for-fair-skin"><![CDATA[Makeup for Fair Skin]]></category>
		<category domain="category" nicename="makeup-for-medium-skin"><![CDATA[Makeup for Medium Skin]]></category>
		<category domain="category" nicename="makeup-for-sensitive-skin"><![CDATA[Makeup for Sensitive Skin]]></category>
		<category domain="category" nicename="makeup-hacks"><![CDATA[Makeup Hacks]]></category>
		<category domain="post_tag" nicename="mascara"><![CDATA[Mascara]]></category>
		<category domain="post_tag" nicename="mask"><![CDATA[Mask]]></category>
		<category domain="post_tag" nicename="nail"><![CDATA[Nail]]></category>
		<category domain="post_format" nicename="post-format-image"><![CDATA[Image]]></category>
		<wp:postmeta>
			<wp:meta_key><![CDATA[_edit_last]]></wp:meta_key>
			<wp:meta_value><![CDATA[1]]></wp:meta_value>
		</wp:postmeta>
		<wp:postmeta>
			<wp:meta_key><![CDATA[_thumbnail_id]]></wp:meta_key>
			<wp:meta_value><![CDATA[71]]></wp:meta_value>
		</wp:postmeta>
		<wp:postmeta>
			<wp:meta_key><![CDATA[_wpb_vc_js_status]]></wp:meta_key>
			<wp:meta_value><![CDATA[false]]></wp:meta_value>
		</wp:postmeta>
		<wp:postmeta>
			<wp:meta_key><![CDATA[show_title_page]]></wp:meta_key>
			<wp:meta_value><![CDATA[off]]></wp:meta_value>
		</wp:postmeta>
		<wp:postmeta>
			<wp:meta_key><![CDATA[post_single_thumbnail]]></wp:meta_key>
			<wp:meta_value><![CDATA[on]]></wp:meta_value>
		</wp:postmeta>
		<wp:postmeta>
			<wp:meta_key><![CDATA[_wpb_shortcodes_custom_css]]></wp:meta_key>
			<wp:meta_value><![CDATA[]]></wp:meta_value>
		</wp:postmeta>
	</item>
	<item>
		<title>Tips for Sweat Proof Makeup</title>
		<link>http://7uptheme.com/wordpress/ridestyle/tips-for-sweat-proof-makeup/</link>
		<pubDate>Thu, 03 Jan 2019 02:33:46 +0000</pubDate>
		<dc:creator><![CDATA[ridestyle]]></dc:creator>
		<guid isPermaLink="false">http://7uptheme.com/wordpress/ridestyle/?p=222</guid>
		<description></description>
		<content:encoded><![CDATA[[vc_row][vc_column][s7upf_information el_class="demo-post-intro"]
<p class="desc title18 black">It’s mid-October, and the weather is starting to turn cold here in Great Barrington, MA. We’re dreaming of sunny days and sandy beaches while appreciating the beauty of multi-hued leaves. Though we can’t spend our days lounging on a beach, you can!</p>
<p class="desc">We partnered with Joy Mangano, Secret Escapes, San Diego Hat Company, LeLe Sandoughi, and Bluefly to give you the chance to win big. ENTER THE SWEEPSTAKE by October 17th, 2018 for your chance to win a 4-night stay in Punta Cana, Dominican Republic, and the following prizes:</p>

<ul class="list-none gray list-cirlce">
 	<li>$200 Bluefly Gift Card</li>
 	<li>$300 jane iredale Gift Card</li>
 	<li>Three piece luggage set from Joy Mangano</li>
 	<li>$300 Lele Sadoughi Gift Card</li>
 	<li>$300 San Diego Hat Gift Card</li>
</ul>
[/s7upf_information][/vc_column][/vc_row][vc_row][vc_column][s7upf_advertisement image="643" el_class="demo-ads-post"][/s7upf_advertisement][/vc_column][/vc_row][vc_row][vc_column][s7upf_information]
<blockquote>From intimate family dinner parties to large corporate holiday parties, we love the merriment and we like our makeup to reflect our festive mood.</blockquote>
[/s7upf_information][/vc_column][/vc_row][vc_row][vc_column][s7upf_information el_class="demo-post-party"]
<h2 class="title30 font-bold lora-font">Show Us How You Party</h2>
<p class="desc">We want to see your holiday eye makeup looks. Show us how you use Let’s Party or one of our other Eye Shadow Kits to create subtle, bold, or shimmery eye makeup looks and we may feature you on our Instagram page. Make sure to tag your posts using @janeiredale and #GoodBeautyStories so we see them!</p>
[/s7upf_information][/vc_column][/vc_row][vc_row][vc_column width="1/2"][s7upf_advertisement image="644" el_class="demo-ads-post"][/s7upf_advertisement][/vc_column][vc_column width="1/2"][s7upf_advertisement image="645" el_class="demo-ads-post"][/s7upf_advertisement][/vc_column][/vc_row][vc_row][vc_column][s7upf_information]
<p class="desc no-margin">Though we wouldn’t recommend this as an everyday look, the blue-hued holiday eye makeup look would be beautiful if paired with a simple monochromatic outfit. So, pull out your favorite charcoal silk, slip dress and grab Let’s Party because this look is a show stopper!</p>
[/s7upf_information][/vc_column][/vc_row]]]></content:encoded>
		<excerpt:encoded><![CDATA[From intimate family dinner parties to large corporate holiday parties, we love the merriment and we like our makeup to reflect our festive mood.]]></excerpt:encoded>
		<wp:post_id>222</wp:post_id>
		<wp:post_date><![CDATA[2019-01-03 02:33:46]]></wp:post_date>
		<wp:post_date_gmt><![CDATA[2019-01-03 02:33:46]]></wp:post_date_gmt>
		<wp:comment_status><![CDATA[open]]></wp:comment_status>
		<wp:ping_status><![CDATA[open]]></wp:ping_status>
		<wp:post_name><![CDATA[tips-for-sweat-proof-makeup]]></wp:post_name>
		<wp:status><![CDATA[publish]]></wp:status>
		<wp:post_parent>0</wp:post_parent>
		<wp:menu_order>0</wp:menu_order>
		<wp:post_type><![CDATA[post]]></wp:post_type>
		<wp:post_password><![CDATA[]]></wp:post_password>
		<wp:is_sticky>0</wp:is_sticky>
		<category domain="post_tag" nicename="base-makeup"><![CDATA[Base Makeup]]></category>
		<category domain="post_tag" nicename="hair"><![CDATA[Hair]]></category>
		<category domain="post_tag" nicename="lipstick"><![CDATA[Lipstick]]></category>
		<category domain="post_tag" nicename="lotion"><![CDATA[Lotion]]></category>
		<category domain="category" nicename="makeup-for-fair-skin"><![CDATA[Makeup for Fair Skin]]></category>
		<category domain="category" nicename="makeup-for-mature-skin"><![CDATA[Makeup for Mature Skin]]></category>
		<category domain="category" nicename="makeup-for-sensitive-skin"><![CDATA[Makeup for Sensitive Skin]]></category>
		<category domain="category" nicename="makeup-hacks"><![CDATA[Makeup Hacks]]></category>
		<category domain="post_tag" nicename="skincare"><![CDATA[Skincare]]></category>
		<wp:postmeta>
			<wp:meta_key><![CDATA[_edit_last]]></wp:meta_key>
			<wp:meta_value><![CDATA[1]]></wp:meta_value>
		</wp:postmeta>
		<wp:postmeta>
			<wp:meta_key><![CDATA[_thumbnail_id]]></wp:meta_key>
			<wp:meta_value><![CDATA[72]]></wp:meta_value>
		</wp:postmeta>
		<wp:postmeta>
			<wp:meta_key><![CDATA[_wpb_vc_js_status]]></wp:meta_key>
			<wp:meta_value><![CDATA[true]]></wp:meta_value>
		</wp:postmeta>
		<wp:postmeta>
			<wp:meta_key><![CDATA[show_title_page]]></wp:meta_key>
			<wp:meta_value><![CDATA[off]]></wp:meta_value>
		</wp:postmeta>
		<wp:postmeta>
			<wp:meta_key><![CDATA[container_width]]></wp:meta_key>
			<wp:meta_value><![CDATA[]]></wp:meta_value>
		</wp:postmeta>
		<wp:postmeta>
			<wp:meta_key><![CDATA[s7upf_sidebar_position]]></wp:meta_key>
			<wp:meta_value><![CDATA[]]></wp:meta_value>
		</wp:postmeta>
		<wp:postmeta>
			<wp:meta_key><![CDATA[s7upf_select_sidebar]]></wp:meta_key>
			<wp:meta_value><![CDATA[blog-sidebar]]></wp:meta_value>
		</wp:postmeta>
		<wp:postmeta>
			<wp:meta_key><![CDATA[post_single_thumbnail]]></wp:meta_key>
			<wp:meta_value><![CDATA[]]></wp:meta_value>
		</wp:postmeta>
		<wp:postmeta>
			<wp:meta_key><![CDATA[post_single_small]]></wp:meta_key>
			<wp:meta_value><![CDATA[]]></wp:meta_value>
		</wp:postmeta>
		<wp:postmeta>
			<wp:meta_key><![CDATA[before_append]]></wp:meta_key>
			<wp:meta_value><![CDATA[]]></wp:meta_value>
		</wp:postmeta>
		<wp:postmeta>
			<wp:meta_key><![CDATA[post_single_related_item]]></wp:meta_key>
			<wp:meta_value><![CDATA[0:1,560:2]]></wp:meta_value>
		</wp:postmeta>
		<wp:postmeta>
			<wp:meta_key><![CDATA[_wpb_shortcodes_custom_css]]></wp:meta_key>
			<wp:meta_value><![CDATA[]]></wp:meta_value>
		</wp:postmeta>
		<wp:comment>
			<wp:comment_id>2</wp:comment_id>
			<wp:comment_author><![CDATA[ridestyle]]></wp:comment_author>
			<wp:comment_author_email><![CDATA[ridestyle@gmail.com]]></wp:comment_author_email>
			<wp:comment_author_url></wp:comment_author_url>
			<wp:comment_author_IP><![CDATA[::1]]></wp:comment_author_IP>
			<wp:comment_date><![CDATA[2019-01-15 07:35:32]]></wp:comment_date>
			<wp:comment_date_gmt><![CDATA[2019-01-15 07:35:32]]></wp:comment_date_gmt>
			<wp:comment_content><![CDATA[Our stomachs are grumbling for these yummy recipes!  Not only should you try them out, you should also try coupling healthy meals like these with The Skincare Supplements]]></wp:comment_content>
			<wp:comment_approved><![CDATA[1]]></wp:comment_approved>
			<wp:comment_type><![CDATA[]]></wp:comment_type>
			<wp:comment_parent>0</wp:comment_parent>
			<wp:comment_user_id>1</wp:comment_user_id>
		</wp:comment>
		<wp:comment>
			<wp:comment_id>3</wp:comment_id>
			<wp:comment_author><![CDATA[ridestyle]]></wp:comment_author>
			<wp:comment_author_email><![CDATA[ridestyle@gmail.com]]></wp:comment_author_email>
			<wp:comment_author_url></wp:comment_author_url>
			<wp:comment_author_IP><![CDATA[::1]]></wp:comment_author_IP>
			<wp:comment_date><![CDATA[2019-01-15 07:35:45]]></wp:comment_date>
			<wp:comment_date_gmt><![CDATA[2019-01-15 07:35:45]]></wp:comment_date_gmt>
			<wp:comment_content><![CDATA[Our stomachs are grumbling for these yummy recipes!  Not only should you try them out, you should also try coupling healthy meals like these with The Skincare Supplements]]></wp:comment_content>
			<wp:comment_approved><![CDATA[1]]></wp:comment_approved>
			<wp:comment_type><![CDATA[]]></wp:comment_type>
			<wp:comment_parent>2</wp:comment_parent>
			<wp:comment_user_id>1</wp:comment_user_id>
		</wp:comment>
		<wp:comment>
			<wp:comment_id>4</wp:comment_id>
			<wp:comment_author><![CDATA[ridestyle]]></wp:comment_author>
			<wp:comment_author_email><![CDATA[ridestyle@gmail.com]]></wp:comment_author_email>
			<wp:comment_author_url></wp:comment_author_url>
			<wp:comment_author_IP><![CDATA[::1]]></wp:comment_author_IP>
			<wp:comment_date><![CDATA[2019-01-15 07:36:17]]></wp:comment_date>
			<wp:comment_date_gmt><![CDATA[2019-01-15 07:36:17]]></wp:comment_date_gmt>
			<wp:comment_content><![CDATA[Not only should you try them out, you should also try coupling healthy meals like these with The Skincare Supplements.Our stomachs are grumbling for these yummy recipes! ]]></wp:comment_content>
			<wp:comment_approved><![CDATA[1]]></wp:comment_approved>
			<wp:comment_type><![CDATA[]]></wp:comment_type>
			<wp:comment_parent>0</wp:comment_parent>
			<wp:comment_user_id>1</wp:comment_user_id>
		</wp:comment>
	</item>
</channel>
</rss>
