<?xml version="1.0" encoding="UTF-8" ?>
<!-- This is a WordPress eXtended RSS file generated by WordPress as an export of your site. -->
<!-- It contains information about your site's posts, pages, comments, categories, and other content. -->
<!-- You may use this file to transfer that content from one site to another. -->
<!-- This file is not intended to serve as a complete backup of your site. -->

<!-- To import this information into a WordPress site follow these steps: -->
<!-- 1. Log in to that site as an administrator. -->
<!-- 2. Go to Tools: Import in the WordPress admin panel. -->
<!-- 3. Install the "WordPress" importer from the list. -->
<!-- 4. Activate & Run Importer. -->
<!-- 5. Upload this file using the form provided on that page. -->
<!-- 6. You will first be asked to map the authors in this export file to users -->
<!--    on the site. For each author, you may choose to map to an -->
<!--    existing user on the site or to create a new user. -->
<!-- 7. WordPress will then import each of the posts, pages, comments, categories, etc. -->
<!--    contained in this file into your site. -->

<!-- generator="WordPress/5.0.3" created="2019-02-16 02:46" -->
<rss version="2.0"
	xmlns:excerpt="http://wordpress.org/export/1.2/excerpt/"
	xmlns:content="http://purl.org/rss/1.0/modules/content/"
	xmlns:wfw="http://wellformedweb.org/CommentAPI/"
	xmlns:dc="http://purl.org/dc/elements/1.1/"
	xmlns:wp="http://wordpress.org/export/1.2/"
>

<channel>
	<title>ridestyle</title>
	<link>http://7uptheme.com/wordpress/ridestyle</link>
	<description>Just another WordPress site</description>
	<pubDate>Sat, 16 Feb 2019 02:46:18 +0000</pubDate>
	<language>en-US</language>
	<wp:wxr_version>1.2</wp:wxr_version>
	<wp:base_site_url>http://7uptheme.com/wordpress/ridestyle</wp:base_site_url>
	<wp:base_blog_url>http://7uptheme.com/wordpress/ridestyle</wp:base_blog_url>

	<wp:author><wp:author_id>1</wp:author_id><wp:author_login><![CDATA[ridestyle]]></wp:author_login><wp:author_email><![CDATA[contact.7uptheme@gmail.com]]></wp:author_email><wp:author_display_name><![CDATA[ridestyle]]></wp:author_display_name><wp:author_first_name><![CDATA[]]></wp:author_first_name><wp:author_last_name><![CDATA[]]></wp:author_last_name></wp:author>


	<generator>https://wordpress.org/?v=5.0.3</generator>

	<item>
		<title>Drying Lotion - Pink</title>
		<link>http://7uptheme.com/wordpress/ridestyle/product/drying-lotion/?attribute_pa_color=pink</link>
		<pubDate>Mon, 21 Jan 2019 09:58:58 +0000</pubDate>
		<dc:creator><![CDATA[ridestyle]]></dc:creator>
		<guid isPermaLink="false">http://7uptheme.com/wordpress/ridestyle/product/drying-lotion/</guid>
		<description></description>
		<content:encoded><![CDATA[]]></content:encoded>
		<excerpt:encoded><![CDATA[]]></excerpt:encoded>
		<wp:post_id>768</wp:post_id>
		<wp:post_date><![CDATA[2019-01-21 09:58:58]]></wp:post_date>
		<wp:post_date_gmt><![CDATA[2019-01-21 09:58:58]]></wp:post_date_gmt>
		<wp:comment_status><![CDATA[closed]]></wp:comment_status>
		<wp:ping_status><![CDATA[closed]]></wp:ping_status>
		<wp:post_name><![CDATA[drying-lotion]]></wp:post_name>
		<wp:status><![CDATA[publish]]></wp:status>
		<wp:post_parent>246</wp:post_parent>
		<wp:menu_order>0</wp:menu_order>
		<wp:post_type><![CDATA[product_variation]]></wp:post_type>
		<wp:post_password><![CDATA[]]></wp:post_password>
		<wp:is_sticky>0</wp:is_sticky>
		<wp:postmeta>
			<wp:meta_key><![CDATA[_variation_description]]></wp:meta_key>
			<wp:meta_value><![CDATA[]]></wp:meta_value>
		</wp:postmeta>
		<wp:postmeta>
			<wp:meta_key><![CDATA[_sku]]></wp:meta_key>
			<wp:meta_value><![CDATA[khs872]]></wp:meta_value>
		</wp:postmeta>
		<wp:postmeta>
			<wp:meta_key><![CDATA[_regular_price]]></wp:meta_key>
			<wp:meta_value><![CDATA[72.00]]></wp:meta_value>
		</wp:postmeta>
		<wp:postmeta>
			<wp:meta_key><![CDATA[_sale_price]]></wp:meta_key>
			<wp:meta_value><![CDATA[26.00]]></wp:meta_value>
		</wp:postmeta>
		<wp:postmeta>
			<wp:meta_key><![CDATA[_sale_price_dates_from]]></wp:meta_key>
			<wp:meta_value><![CDATA[]]></wp:meta_value>
		</wp:postmeta>
		<wp:postmeta>
			<wp:meta_key><![CDATA[_sale_price_dates_to]]></wp:meta_key>
			<wp:meta_value><![CDATA[]]></wp:meta_value>
		</wp:postmeta>
		<wp:postmeta>
			<wp:meta_key><![CDATA[total_sales]]></wp:meta_key>
			<wp:meta_value><![CDATA[0]]></wp:meta_value>
		</wp:postmeta>
		<wp:postmeta>
			<wp:meta_key><![CDATA[_tax_status]]></wp:meta_key>
			<wp:meta_value><![CDATA[taxable]]></wp:meta_value>
		</wp:postmeta>
		<wp:postmeta>
			<wp:meta_key><![CDATA[_tax_class]]></wp:meta_key>
			<wp:meta_value><![CDATA[parent]]></wp:meta_value>
		</wp:postmeta>
		<wp:postmeta>
			<wp:meta_key><![CDATA[_manage_stock]]></wp:meta_key>
			<wp:meta_value><![CDATA[no]]></wp:meta_value>
		</wp:postmeta>
		<wp:postmeta>
			<wp:meta_key><![CDATA[_backorders]]></wp:meta_key>
			<wp:meta_value><![CDATA[no]]></wp:meta_value>
		</wp:postmeta>
		<wp:postmeta>
			<wp:meta_key><![CDATA[_low_stock_amount]]></wp:meta_key>
			<wp:meta_value><![CDATA[]]></wp:meta_value>
		</wp:postmeta>
		<wp:postmeta>
			<wp:meta_key><![CDATA[_sold_individually]]></wp:meta_key>
			<wp:meta_value><![CDATA[no]]></wp:meta_value>
		</wp:postmeta>
		<wp:postmeta>
			<wp:meta_key><![CDATA[_weight]]></wp:meta_key>
			<wp:meta_value><![CDATA[]]></wp:meta_value>
		</wp:postmeta>
		<wp:postmeta>
			<wp:meta_key><![CDATA[_length]]></wp:meta_key>
			<wp:meta_value><![CDATA[]]></wp:meta_value>
		</wp:postmeta>
		<wp:postmeta>
			<wp:meta_key><![CDATA[_width]]></wp:meta_key>
			<wp:meta_value><![CDATA[]]></wp:meta_value>
		</wp:postmeta>
		<wp:postmeta>
			<wp:meta_key><![CDATA[_height]]></wp:meta_key>
			<wp:meta_value><![CDATA[]]></wp:meta_value>
		</wp:postmeta>
		<wp:postmeta>
			<wp:meta_key><![CDATA[_upsell_ids]]></wp:meta_key>
			<wp:meta_value><![CDATA[a:0:{}]]></wp:meta_value>
		</wp:postmeta>
		<wp:postmeta>
			<wp:meta_key><![CDATA[_crosssell_ids]]></wp:meta_key>
			<wp:meta_value><![CDATA[a:0:{}]]></wp:meta_value>
		</wp:postmeta>
		<wp:postmeta>
			<wp:meta_key><![CDATA[_purchase_note]]></wp:meta_key>
			<wp:meta_value><![CDATA[]]></wp:meta_value>
		</wp:postmeta>
		<wp:postmeta>
			<wp:meta_key><![CDATA[_default_attributes]]></wp:meta_key>
			<wp:meta_value><![CDATA[a:0:{}]]></wp:meta_value>
		</wp:postmeta>
		<wp:postmeta>
			<wp:meta_key><![CDATA[_virtual]]></wp:meta_key>
			<wp:meta_value><![CDATA[no]]></wp:meta_value>
		</wp:postmeta>
		<wp:postmeta>
			<wp:meta_key><![CDATA[_downloadable]]></wp:meta_key>
			<wp:meta_value><![CDATA[no]]></wp:meta_value>
		</wp:postmeta>
		<wp:postmeta>
			<wp:meta_key><![CDATA[_product_image_gallery]]></wp:meta_key>
			<wp:meta_value><![CDATA[]]></wp:meta_value>
		</wp:postmeta>
		<wp:postmeta>
			<wp:meta_key><![CDATA[_download_limit]]></wp:meta_key>
			<wp:meta_value><![CDATA[-1]]></wp:meta_value>
		</wp:postmeta>
		<wp:postmeta>
			<wp:meta_key><![CDATA[_download_expiry]]></wp:meta_key>
			<wp:meta_value><![CDATA[-1]]></wp:meta_value>
		</wp:postmeta>
		<wp:postmeta>
			<wp:meta_key><![CDATA[_stock]]></wp:meta_key>
			<wp:meta_value><![CDATA[0]]></wp:meta_value>
		</wp:postmeta>
		<wp:postmeta>
			<wp:meta_key><![CDATA[_stock_status]]></wp:meta_key>
			<wp:meta_value><![CDATA[instock]]></wp:meta_value>
		</wp:postmeta>
		<wp:postmeta>
			<wp:meta_key><![CDATA[_wc_average_rating]]></wp:meta_key>
			<wp:meta_value><![CDATA[0]]></wp:meta_value>
		</wp:postmeta>
		<wp:postmeta>
			<wp:meta_key><![CDATA[_wc_rating_count]]></wp:meta_key>
			<wp:meta_value><![CDATA[a:0:{}]]></wp:meta_value>
		</wp:postmeta>
		<wp:postmeta>
			<wp:meta_key><![CDATA[_wc_review_count]]></wp:meta_key>
			<wp:meta_value><![CDATA[0]]></wp:meta_value>
		</wp:postmeta>
		<wp:postmeta>
			<wp:meta_key><![CDATA[_downloadable_files]]></wp:meta_key>
			<wp:meta_value><![CDATA[a:0:{}]]></wp:meta_value>
		</wp:postmeta>
		<wp:postmeta>
			<wp:meta_key><![CDATA[_price]]></wp:meta_key>
			<wp:meta_value><![CDATA[26.00]]></wp:meta_value>
		</wp:postmeta>
		<wp:postmeta>
			<wp:meta_key><![CDATA[_product_version]]></wp:meta_key>
			<wp:meta_value><![CDATA[3.5.3]]></wp:meta_value>
		</wp:postmeta>
		<wp:postmeta>
			<wp:meta_key><![CDATA[_wpb_shortcodes_custom_css]]></wp:meta_key>
			<wp:meta_value><![CDATA[]]></wp:meta_value>
		</wp:postmeta>
		<wp:postmeta>
			<wp:meta_key><![CDATA[_thumbnail_id]]></wp:meta_key>
			<wp:meta_value><![CDATA[43]]></wp:meta_value>
		</wp:postmeta>
		<wp:postmeta>
			<wp:meta_key><![CDATA[attribute_pa_color]]></wp:meta_key>
			<wp:meta_value><![CDATA[pink]]></wp:meta_value>
		</wp:postmeta>
	</item>
	<item>
		<title>Drying Lotion - Red</title>
		<link>http://7uptheme.com/wordpress/ridestyle/product/drying-lotion/?attribute_pa_color=red</link>
		<pubDate>Mon, 21 Jan 2019 10:00:24 +0000</pubDate>
		<dc:creator><![CDATA[ridestyle]]></dc:creator>
		<guid isPermaLink="false">http://7uptheme.com/wordpress/ridestyle/product/drying-lotion/</guid>
		<description></description>
		<content:encoded><![CDATA[]]></content:encoded>
		<excerpt:encoded><![CDATA[]]></excerpt:encoded>
		<wp:post_id>769</wp:post_id>
		<wp:post_date><![CDATA[2019-01-21 10:00:24]]></wp:post_date>
		<wp:post_date_gmt><![CDATA[2019-01-21 10:00:24]]></wp:post_date_gmt>
		<wp:comment_status><![CDATA[closed]]></wp:comment_status>
		<wp:ping_status><![CDATA[closed]]></wp:ping_status>
		<wp:post_name><![CDATA[drying-lotion-2]]></wp:post_name>
		<wp:status><![CDATA[publish]]></wp:status>
		<wp:post_parent>246</wp:post_parent>
		<wp:menu_order>0</wp:menu_order>
		<wp:post_type><![CDATA[product_variation]]></wp:post_type>
		<wp:post_password><![CDATA[]]></wp:post_password>
		<wp:is_sticky>0</wp:is_sticky>
		<wp:postmeta>
			<wp:meta_key><![CDATA[_variation_description]]></wp:meta_key>
			<wp:meta_value><![CDATA[]]></wp:meta_value>
		</wp:postmeta>
		<wp:postmeta>
			<wp:meta_key><![CDATA[_sku]]></wp:meta_key>
			<wp:meta_value><![CDATA[hdka27]]></wp:meta_value>
		</wp:postmeta>
		<wp:postmeta>
			<wp:meta_key><![CDATA[_regular_price]]></wp:meta_key>
			<wp:meta_value><![CDATA[92.00]]></wp:meta_value>
		</wp:postmeta>
		<wp:postmeta>
			<wp:meta_key><![CDATA[_sale_price]]></wp:meta_key>
			<wp:meta_value><![CDATA[76.00]]></wp:meta_value>
		</wp:postmeta>
		<wp:postmeta>
			<wp:meta_key><![CDATA[_sale_price_dates_from]]></wp:meta_key>
			<wp:meta_value><![CDATA[]]></wp:meta_value>
		</wp:postmeta>
		<wp:postmeta>
			<wp:meta_key><![CDATA[_sale_price_dates_to]]></wp:meta_key>
			<wp:meta_value><![CDATA[]]></wp:meta_value>
		</wp:postmeta>
		<wp:postmeta>
			<wp:meta_key><![CDATA[total_sales]]></wp:meta_key>
			<wp:meta_value><![CDATA[0]]></wp:meta_value>
		</wp:postmeta>
		<wp:postmeta>
			<wp:meta_key><![CDATA[_tax_status]]></wp:meta_key>
			<wp:meta_value><![CDATA[taxable]]></wp:meta_value>
		</wp:postmeta>
		<wp:postmeta>
			<wp:meta_key><![CDATA[_tax_class]]></wp:meta_key>
			<wp:meta_value><![CDATA[parent]]></wp:meta_value>
		</wp:postmeta>
		<wp:postmeta>
			<wp:meta_key><![CDATA[_manage_stock]]></wp:meta_key>
			<wp:meta_value><![CDATA[no]]></wp:meta_value>
		</wp:postmeta>
		<wp:postmeta>
			<wp:meta_key><![CDATA[_backorders]]></wp:meta_key>
			<wp:meta_value><![CDATA[no]]></wp:meta_value>
		</wp:postmeta>
		<wp:postmeta>
			<wp:meta_key><![CDATA[_low_stock_amount]]></wp:meta_key>
			<wp:meta_value><![CDATA[]]></wp:meta_value>
		</wp:postmeta>
		<wp:postmeta>
			<wp:meta_key><![CDATA[_sold_individually]]></wp:meta_key>
			<wp:meta_value><![CDATA[no]]></wp:meta_value>
		</wp:postmeta>
		<wp:postmeta>
			<wp:meta_key><![CDATA[_weight]]></wp:meta_key>
			<wp:meta_value><![CDATA[]]></wp:meta_value>
		</wp:postmeta>
		<wp:postmeta>
			<wp:meta_key><![CDATA[_length]]></wp:meta_key>
			<wp:meta_value><![CDATA[]]></wp:meta_value>
		</wp:postmeta>
		<wp:postmeta>
			<wp:meta_key><![CDATA[_width]]></wp:meta_key>
			<wp:meta_value><![CDATA[]]></wp:meta_value>
		</wp:postmeta>
		<wp:postmeta>
			<wp:meta_key><![CDATA[_height]]></wp:meta_key>
			<wp:meta_value><![CDATA[]]></wp:meta_value>
		</wp:postmeta>
		<wp:postmeta>
			<wp:meta_key><![CDATA[_upsell_ids]]></wp:meta_key>
			<wp:meta_value><![CDATA[a:0:{}]]></wp:meta_value>
		</wp:postmeta>
		<wp:postmeta>
			<wp:meta_key><![CDATA[_crosssell_ids]]></wp:meta_key>
			<wp:meta_value><![CDATA[a:0:{}]]></wp:meta_value>
		</wp:postmeta>
		<wp:postmeta>
			<wp:meta_key><![CDATA[_purchase_note]]></wp:meta_key>
			<wp:meta_value><![CDATA[]]></wp:meta_value>
		</wp:postmeta>
		<wp:postmeta>
			<wp:meta_key><![CDATA[_default_attributes]]></wp:meta_key>
			<wp:meta_value><![CDATA[a:0:{}]]></wp:meta_value>
		</wp:postmeta>
		<wp:postmeta>
			<wp:meta_key><![CDATA[_virtual]]></wp:meta_key>
			<wp:meta_value><![CDATA[no]]></wp:meta_value>
		</wp:postmeta>
		<wp:postmeta>
			<wp:meta_key><![CDATA[_downloadable]]></wp:meta_key>
			<wp:meta_value><![CDATA[no]]></wp:meta_value>
		</wp:postmeta>
		<wp:postmeta>
			<wp:meta_key><![CDATA[_product_image_gallery]]></wp:meta_key>
			<wp:meta_value><![CDATA[]]></wp:meta_value>
		</wp:postmeta>
		<wp:postmeta>
			<wp:meta_key><![CDATA[_download_limit]]></wp:meta_key>
			<wp:meta_value><![CDATA[-1]]></wp:meta_value>
		</wp:postmeta>
		<wp:postmeta>
			<wp:meta_key><![CDATA[_download_expiry]]></wp:meta_key>
			<wp:meta_value><![CDATA[-1]]></wp:meta_value>
		</wp:postmeta>
		<wp:postmeta>
			<wp:meta_key><![CDATA[_stock]]></wp:meta_key>
			<wp:meta_value><![CDATA[0]]></wp:meta_value>
		</wp:postmeta>
		<wp:postmeta>
			<wp:meta_key><![CDATA[_stock_status]]></wp:meta_key>
			<wp:meta_value><![CDATA[instock]]></wp:meta_value>
		</wp:postmeta>
		<wp:postmeta>
			<wp:meta_key><![CDATA[_wc_average_rating]]></wp:meta_key>
			<wp:meta_value><![CDATA[0]]></wp:meta_value>
		</wp:postmeta>
		<wp:postmeta>
			<wp:meta_key><![CDATA[_wc_rating_count]]></wp:meta_key>
			<wp:meta_value><![CDATA[a:0:{}]]></wp:meta_value>
		</wp:postmeta>
		<wp:postmeta>
			<wp:meta_key><![CDATA[_wc_review_count]]></wp:meta_key>
			<wp:meta_value><![CDATA[0]]></wp:meta_value>
		</wp:postmeta>
		<wp:postmeta>
			<wp:meta_key><![CDATA[_downloadable_files]]></wp:meta_key>
			<wp:meta_value><![CDATA[a:0:{}]]></wp:meta_value>
		</wp:postmeta>
		<wp:postmeta>
			<wp:meta_key><![CDATA[attribute_pa_color]]></wp:meta_key>
			<wp:meta_value><![CDATA[red]]></wp:meta_value>
		</wp:postmeta>
		<wp:postmeta>
			<wp:meta_key><![CDATA[_price]]></wp:meta_key>
			<wp:meta_value><![CDATA[76.00]]></wp:meta_value>
		</wp:postmeta>
		<wp:postmeta>
			<wp:meta_key><![CDATA[_product_version]]></wp:meta_key>
			<wp:meta_value><![CDATA[3.5.3]]></wp:meta_value>
		</wp:postmeta>
		<wp:postmeta>
			<wp:meta_key><![CDATA[_wpb_shortcodes_custom_css]]></wp:meta_key>
			<wp:meta_value><![CDATA[]]></wp:meta_value>
		</wp:postmeta>
		<wp:postmeta>
			<wp:meta_key><![CDATA[_thumbnail_id]]></wp:meta_key>
			<wp:meta_value><![CDATA[52]]></wp:meta_value>
		</wp:postmeta>
	</item>
	<item>
		<title>Drying Lotion - White</title>
		<link>http://7uptheme.com/wordpress/ridestyle/product/drying-lotion/?attribute_pa_color=white</link>
		<pubDate>Mon, 21 Jan 2019 10:01:06 +0000</pubDate>
		<dc:creator><![CDATA[ridestyle]]></dc:creator>
		<guid isPermaLink="false">http://7uptheme.com/wordpress/ridestyle/product/drying-lotion/</guid>
		<description></description>
		<content:encoded><![CDATA[]]></content:encoded>
		<excerpt:encoded><![CDATA[]]></excerpt:encoded>
		<wp:post_id>770</wp:post_id>
		<wp:post_date><![CDATA[2019-01-21 10:01:06]]></wp:post_date>
		<wp:post_date_gmt><![CDATA[2019-01-21 10:01:06]]></wp:post_date_gmt>
		<wp:comment_status><![CDATA[closed]]></wp:comment_status>
		<wp:ping_status><![CDATA[closed]]></wp:ping_status>
		<wp:post_name><![CDATA[drying-lotion-3]]></wp:post_name>
		<wp:status><![CDATA[publish]]></wp:status>
		<wp:post_parent>246</wp:post_parent>
		<wp:menu_order>0</wp:menu_order>
		<wp:post_type><![CDATA[product_variation]]></wp:post_type>
		<wp:post_password><![CDATA[]]></wp:post_password>
		<wp:is_sticky>0</wp:is_sticky>
		<wp:postmeta>
			<wp:meta_key><![CDATA[_variation_description]]></wp:meta_key>
			<wp:meta_value><![CDATA[]]></wp:meta_value>
		</wp:postmeta>
		<wp:postmeta>
			<wp:meta_key><![CDATA[_sku]]></wp:meta_key>
			<wp:meta_value><![CDATA[9832ls]]></wp:meta_value>
		</wp:postmeta>
		<wp:postmeta>
			<wp:meta_key><![CDATA[_regular_price]]></wp:meta_key>
			<wp:meta_value><![CDATA[653.00]]></wp:meta_value>
		</wp:postmeta>
		<wp:postmeta>
			<wp:meta_key><![CDATA[_sale_price]]></wp:meta_key>
			<wp:meta_value><![CDATA[537.00]]></wp:meta_value>
		</wp:postmeta>
		<wp:postmeta>
			<wp:meta_key><![CDATA[_sale_price_dates_from]]></wp:meta_key>
			<wp:meta_value><![CDATA[]]></wp:meta_value>
		</wp:postmeta>
		<wp:postmeta>
			<wp:meta_key><![CDATA[_sale_price_dates_to]]></wp:meta_key>
			<wp:meta_value><![CDATA[]]></wp:meta_value>
		</wp:postmeta>
		<wp:postmeta>
			<wp:meta_key><![CDATA[total_sales]]></wp:meta_key>
			<wp:meta_value><![CDATA[0]]></wp:meta_value>
		</wp:postmeta>
		<wp:postmeta>
			<wp:meta_key><![CDATA[_tax_status]]></wp:meta_key>
			<wp:meta_value><![CDATA[taxable]]></wp:meta_value>
		</wp:postmeta>
		<wp:postmeta>
			<wp:meta_key><![CDATA[_tax_class]]></wp:meta_key>
			<wp:meta_value><![CDATA[parent]]></wp:meta_value>
		</wp:postmeta>
		<wp:postmeta>
			<wp:meta_key><![CDATA[_manage_stock]]></wp:meta_key>
			<wp:meta_value><![CDATA[no]]></wp:meta_value>
		</wp:postmeta>
		<wp:postmeta>
			<wp:meta_key><![CDATA[_backorders]]></wp:meta_key>
			<wp:meta_value><![CDATA[no]]></wp:meta_value>
		</wp:postmeta>
		<wp:postmeta>
			<wp:meta_key><![CDATA[_low_stock_amount]]></wp:meta_key>
			<wp:meta_value><![CDATA[]]></wp:meta_value>
		</wp:postmeta>
		<wp:postmeta>
			<wp:meta_key><![CDATA[_sold_individually]]></wp:meta_key>
			<wp:meta_value><![CDATA[no]]></wp:meta_value>
		</wp:postmeta>
		<wp:postmeta>
			<wp:meta_key><![CDATA[_weight]]></wp:meta_key>
			<wp:meta_value><![CDATA[]]></wp:meta_value>
		</wp:postmeta>
		<wp:postmeta>
			<wp:meta_key><![CDATA[_length]]></wp:meta_key>
			<wp:meta_value><![CDATA[]]></wp:meta_value>
		</wp:postmeta>
		<wp:postmeta>
			<wp:meta_key><![CDATA[_width]]></wp:meta_key>
			<wp:meta_value><![CDATA[]]></wp:meta_value>
		</wp:postmeta>
		<wp:postmeta>
			<wp:meta_key><![CDATA[_height]]></wp:meta_key>
			<wp:meta_value><![CDATA[]]></wp:meta_value>
		</wp:postmeta>
		<wp:postmeta>
			<wp:meta_key><![CDATA[_upsell_ids]]></wp:meta_key>
			<wp:meta_value><![CDATA[a:0:{}]]></wp:meta_value>
		</wp:postmeta>
		<wp:postmeta>
			<wp:meta_key><![CDATA[_crosssell_ids]]></wp:meta_key>
			<wp:meta_value><![CDATA[a:0:{}]]></wp:meta_value>
		</wp:postmeta>
		<wp:postmeta>
			<wp:meta_key><![CDATA[_purchase_note]]></wp:meta_key>
			<wp:meta_value><![CDATA[]]></wp:meta_value>
		</wp:postmeta>
		<wp:postmeta>
			<wp:meta_key><![CDATA[_default_attributes]]></wp:meta_key>
			<wp:meta_value><![CDATA[a:0:{}]]></wp:meta_value>
		</wp:postmeta>
		<wp:postmeta>
			<wp:meta_key><![CDATA[_virtual]]></wp:meta_key>
			<wp:meta_value><![CDATA[no]]></wp:meta_value>
		</wp:postmeta>
		<wp:postmeta>
			<wp:meta_key><![CDATA[_downloadable]]></wp:meta_key>
			<wp:meta_value><![CDATA[no]]></wp:meta_value>
		</wp:postmeta>
		<wp:postmeta>
			<wp:meta_key><![CDATA[_product_image_gallery]]></wp:meta_key>
			<wp:meta_value><![CDATA[]]></wp:meta_value>
		</wp:postmeta>
		<wp:postmeta>
			<wp:meta_key><![CDATA[_download_limit]]></wp:meta_key>
			<wp:meta_value><![CDATA[-1]]></wp:meta_value>
		</wp:postmeta>
		<wp:postmeta>
			<wp:meta_key><![CDATA[_download_expiry]]></wp:meta_key>
			<wp:meta_value><![CDATA[-1]]></wp:meta_value>
		</wp:postmeta>
		<wp:postmeta>
			<wp:meta_key><![CDATA[_stock]]></wp:meta_key>
			<wp:meta_value><![CDATA[0]]></wp:meta_value>
		</wp:postmeta>
		<wp:postmeta>
			<wp:meta_key><![CDATA[_stock_status]]></wp:meta_key>
			<wp:meta_value><![CDATA[instock]]></wp:meta_value>
		</wp:postmeta>
		<wp:postmeta>
			<wp:meta_key><![CDATA[_wc_average_rating]]></wp:meta_key>
			<wp:meta_value><![CDATA[0]]></wp:meta_value>
		</wp:postmeta>
		<wp:postmeta>
			<wp:meta_key><![CDATA[_wc_rating_count]]></wp:meta_key>
			<wp:meta_value><![CDATA[a:0:{}]]></wp:meta_value>
		</wp:postmeta>
		<wp:postmeta>
			<wp:meta_key><![CDATA[_wc_review_count]]></wp:meta_key>
			<wp:meta_value><![CDATA[0]]></wp:meta_value>
		</wp:postmeta>
		<wp:postmeta>
			<wp:meta_key><![CDATA[_downloadable_files]]></wp:meta_key>
			<wp:meta_value><![CDATA[a:0:{}]]></wp:meta_value>
		</wp:postmeta>
		<wp:postmeta>
			<wp:meta_key><![CDATA[attribute_pa_color]]></wp:meta_key>
			<wp:meta_value><![CDATA[white]]></wp:meta_value>
		</wp:postmeta>
		<wp:postmeta>
			<wp:meta_key><![CDATA[_price]]></wp:meta_key>
			<wp:meta_value><![CDATA[537.00]]></wp:meta_value>
		</wp:postmeta>
		<wp:postmeta>
			<wp:meta_key><![CDATA[_product_version]]></wp:meta_key>
			<wp:meta_value><![CDATA[3.5.3]]></wp:meta_value>
		</wp:postmeta>
		<wp:postmeta>
			<wp:meta_key><![CDATA[_wpb_shortcodes_custom_css]]></wp:meta_key>
			<wp:meta_value><![CDATA[]]></wp:meta_value>
		</wp:postmeta>
		<wp:postmeta>
			<wp:meta_key><![CDATA[_thumbnail_id]]></wp:meta_key>
			<wp:meta_value><![CDATA[50]]></wp:meta_value>
		</wp:postmeta>
	</item>
	<item>
		<title>Olay Powder - Pink</title>
		<link>http://7uptheme.com/wordpress/ridestyle/product/olay-powder/?attribute_pa_color=pink</link>
		<pubDate>Fri, 25 Jan 2019 08:41:06 +0000</pubDate>
		<dc:creator><![CDATA[ridestyle]]></dc:creator>
		<guid isPermaLink="false">http://7uptheme.com/wordpress/ridestyle/product/olay-powder/</guid>
		<description></description>
		<content:encoded><![CDATA[]]></content:encoded>
		<excerpt:encoded><![CDATA[]]></excerpt:encoded>
		<wp:post_id>892</wp:post_id>
		<wp:post_date><![CDATA[2019-01-25 08:41:06]]></wp:post_date>
		<wp:post_date_gmt><![CDATA[2019-01-25 08:41:06]]></wp:post_date_gmt>
		<wp:comment_status><![CDATA[closed]]></wp:comment_status>
		<wp:ping_status><![CDATA[closed]]></wp:ping_status>
		<wp:post_name><![CDATA[olay-powder]]></wp:post_name>
		<wp:status><![CDATA[publish]]></wp:status>
		<wp:post_parent>227</wp:post_parent>
		<wp:menu_order>2</wp:menu_order>
		<wp:post_type><![CDATA[product_variation]]></wp:post_type>
		<wp:post_password><![CDATA[]]></wp:post_password>
		<wp:is_sticky>0</wp:is_sticky>
		<wp:postmeta>
			<wp:meta_key><![CDATA[_variation_description]]></wp:meta_key>
			<wp:meta_value><![CDATA[]]></wp:meta_value>
		</wp:postmeta>
		<wp:postmeta>
			<wp:meta_key><![CDATA[_sku]]></wp:meta_key>
			<wp:meta_value><![CDATA[kdh827]]></wp:meta_value>
		</wp:postmeta>
		<wp:postmeta>
			<wp:meta_key><![CDATA[_regular_price]]></wp:meta_key>
			<wp:meta_value><![CDATA[782.00]]></wp:meta_value>
		</wp:postmeta>
		<wp:postmeta>
			<wp:meta_key><![CDATA[_sale_price]]></wp:meta_key>
			<wp:meta_value><![CDATA[672.00]]></wp:meta_value>
		</wp:postmeta>
		<wp:postmeta>
			<wp:meta_key><![CDATA[_sale_price_dates_from]]></wp:meta_key>
			<wp:meta_value><![CDATA[]]></wp:meta_value>
		</wp:postmeta>
		<wp:postmeta>
			<wp:meta_key><![CDATA[_sale_price_dates_to]]></wp:meta_key>
			<wp:meta_value><![CDATA[]]></wp:meta_value>
		</wp:postmeta>
		<wp:postmeta>
			<wp:meta_key><![CDATA[total_sales]]></wp:meta_key>
			<wp:meta_value><![CDATA[0]]></wp:meta_value>
		</wp:postmeta>
		<wp:postmeta>
			<wp:meta_key><![CDATA[_tax_status]]></wp:meta_key>
			<wp:meta_value><![CDATA[taxable]]></wp:meta_value>
		</wp:postmeta>
		<wp:postmeta>
			<wp:meta_key><![CDATA[_tax_class]]></wp:meta_key>
			<wp:meta_value><![CDATA[parent]]></wp:meta_value>
		</wp:postmeta>
		<wp:postmeta>
			<wp:meta_key><![CDATA[_manage_stock]]></wp:meta_key>
			<wp:meta_value><![CDATA[no]]></wp:meta_value>
		</wp:postmeta>
		<wp:postmeta>
			<wp:meta_key><![CDATA[_backorders]]></wp:meta_key>
			<wp:meta_value><![CDATA[no]]></wp:meta_value>
		</wp:postmeta>
		<wp:postmeta>
			<wp:meta_key><![CDATA[_low_stock_amount]]></wp:meta_key>
			<wp:meta_value><![CDATA[]]></wp:meta_value>
		</wp:postmeta>
		<wp:postmeta>
			<wp:meta_key><![CDATA[_sold_individually]]></wp:meta_key>
			<wp:meta_value><![CDATA[no]]></wp:meta_value>
		</wp:postmeta>
		<wp:postmeta>
			<wp:meta_key><![CDATA[_weight]]></wp:meta_key>
			<wp:meta_value><![CDATA[]]></wp:meta_value>
		</wp:postmeta>
		<wp:postmeta>
			<wp:meta_key><![CDATA[_length]]></wp:meta_key>
			<wp:meta_value><![CDATA[]]></wp:meta_value>
		</wp:postmeta>
		<wp:postmeta>
			<wp:meta_key><![CDATA[_width]]></wp:meta_key>
			<wp:meta_value><![CDATA[]]></wp:meta_value>
		</wp:postmeta>
		<wp:postmeta>
			<wp:meta_key><![CDATA[_height]]></wp:meta_key>
			<wp:meta_value><![CDATA[]]></wp:meta_value>
		</wp:postmeta>
		<wp:postmeta>
			<wp:meta_key><![CDATA[_upsell_ids]]></wp:meta_key>
			<wp:meta_value><![CDATA[a:0:{}]]></wp:meta_value>
		</wp:postmeta>
		<wp:postmeta>
			<wp:meta_key><![CDATA[_crosssell_ids]]></wp:meta_key>
			<wp:meta_value><![CDATA[a:0:{}]]></wp:meta_value>
		</wp:postmeta>
		<wp:postmeta>
			<wp:meta_key><![CDATA[_purchase_note]]></wp:meta_key>
			<wp:meta_value><![CDATA[]]></wp:meta_value>
		</wp:postmeta>
		<wp:postmeta>
			<wp:meta_key><![CDATA[_default_attributes]]></wp:meta_key>
			<wp:meta_value><![CDATA[a:0:{}]]></wp:meta_value>
		</wp:postmeta>
		<wp:postmeta>
			<wp:meta_key><![CDATA[_virtual]]></wp:meta_key>
			<wp:meta_value><![CDATA[no]]></wp:meta_value>
		</wp:postmeta>
		<wp:postmeta>
			<wp:meta_key><![CDATA[_downloadable]]></wp:meta_key>
			<wp:meta_value><![CDATA[no]]></wp:meta_value>
		</wp:postmeta>
		<wp:postmeta>
			<wp:meta_key><![CDATA[_product_image_gallery]]></wp:meta_key>
			<wp:meta_value><![CDATA[]]></wp:meta_value>
		</wp:postmeta>
		<wp:postmeta>
			<wp:meta_key><![CDATA[_download_limit]]></wp:meta_key>
			<wp:meta_value><![CDATA[-1]]></wp:meta_value>
		</wp:postmeta>
		<wp:postmeta>
			<wp:meta_key><![CDATA[_download_expiry]]></wp:meta_key>
			<wp:meta_value><![CDATA[-1]]></wp:meta_value>
		</wp:postmeta>
		<wp:postmeta>
			<wp:meta_key><![CDATA[_stock]]></wp:meta_key>
			<wp:meta_value><![CDATA[]]></wp:meta_value>
		</wp:postmeta>
		<wp:postmeta>
			<wp:meta_key><![CDATA[_stock_status]]></wp:meta_key>
			<wp:meta_value><![CDATA[instock]]></wp:meta_value>
		</wp:postmeta>
		<wp:postmeta>
			<wp:meta_key><![CDATA[_wc_average_rating]]></wp:meta_key>
			<wp:meta_value><![CDATA[0]]></wp:meta_value>
		</wp:postmeta>
		<wp:postmeta>
			<wp:meta_key><![CDATA[_wc_rating_count]]></wp:meta_key>
			<wp:meta_value><![CDATA[a:0:{}]]></wp:meta_value>
		</wp:postmeta>
		<wp:postmeta>
			<wp:meta_key><![CDATA[_wc_review_count]]></wp:meta_key>
			<wp:meta_value><![CDATA[0]]></wp:meta_value>
		</wp:postmeta>
		<wp:postmeta>
			<wp:meta_key><![CDATA[_downloadable_files]]></wp:meta_key>
			<wp:meta_value><![CDATA[a:0:{}]]></wp:meta_value>
		</wp:postmeta>
		<wp:postmeta>
			<wp:meta_key><![CDATA[_price]]></wp:meta_key>
			<wp:meta_value><![CDATA[672.00]]></wp:meta_value>
		</wp:postmeta>
		<wp:postmeta>
			<wp:meta_key><![CDATA[_product_version]]></wp:meta_key>
			<wp:meta_value><![CDATA[3.5.4]]></wp:meta_value>
		</wp:postmeta>
		<wp:postmeta>
			<wp:meta_key><![CDATA[_thumbnail_id]]></wp:meta_key>
			<wp:meta_value><![CDATA[21]]></wp:meta_value>
		</wp:postmeta>
		<wp:postmeta>
			<wp:meta_key><![CDATA[attribute_pa_color]]></wp:meta_key>
			<wp:meta_value><![CDATA[pink]]></wp:meta_value>
		</wp:postmeta>
		<wp:postmeta>
			<wp:meta_key><![CDATA[_wpb_shortcodes_custom_css]]></wp:meta_key>
			<wp:meta_value><![CDATA[]]></wp:meta_value>
		</wp:postmeta>
	</item>
	<item>
		<title>Olay Powder - Red</title>
		<link>http://7uptheme.com/wordpress/ridestyle/product/olay-powder/?attribute_pa_color=red</link>
		<pubDate>Fri, 25 Jan 2019 08:42:30 +0000</pubDate>
		<dc:creator><![CDATA[ridestyle]]></dc:creator>
		<guid isPermaLink="false">http://7uptheme.com/wordpress/ridestyle/product/olay-powder/</guid>
		<description></description>
		<content:encoded><![CDATA[]]></content:encoded>
		<excerpt:encoded><![CDATA[]]></excerpt:encoded>
		<wp:post_id>893</wp:post_id>
		<wp:post_date><![CDATA[2019-01-25 08:42:30]]></wp:post_date>
		<wp:post_date_gmt><![CDATA[2019-01-25 08:42:30]]></wp:post_date_gmt>
		<wp:comment_status><![CDATA[closed]]></wp:comment_status>
		<wp:ping_status><![CDATA[closed]]></wp:ping_status>
		<wp:post_name><![CDATA[olay-powder-2]]></wp:post_name>
		<wp:status><![CDATA[publish]]></wp:status>
		<wp:post_parent>227</wp:post_parent>
		<wp:menu_order>3</wp:menu_order>
		<wp:post_type><![CDATA[product_variation]]></wp:post_type>
		<wp:post_password><![CDATA[]]></wp:post_password>
		<wp:is_sticky>0</wp:is_sticky>
		<wp:postmeta>
			<wp:meta_key><![CDATA[_variation_description]]></wp:meta_key>
			<wp:meta_value><![CDATA[]]></wp:meta_value>
		</wp:postmeta>
		<wp:postmeta>
			<wp:meta_key><![CDATA[_sku]]></wp:meta_key>
			<wp:meta_value><![CDATA[fgs762]]></wp:meta_value>
		</wp:postmeta>
		<wp:postmeta>
			<wp:meta_key><![CDATA[_regular_price]]></wp:meta_key>
			<wp:meta_value><![CDATA[523.00]]></wp:meta_value>
		</wp:postmeta>
		<wp:postmeta>
			<wp:meta_key><![CDATA[_sale_price]]></wp:meta_key>
			<wp:meta_value><![CDATA[327.00]]></wp:meta_value>
		</wp:postmeta>
		<wp:postmeta>
			<wp:meta_key><![CDATA[_sale_price_dates_from]]></wp:meta_key>
			<wp:meta_value><![CDATA[]]></wp:meta_value>
		</wp:postmeta>
		<wp:postmeta>
			<wp:meta_key><![CDATA[_sale_price_dates_to]]></wp:meta_key>
			<wp:meta_value><![CDATA[]]></wp:meta_value>
		</wp:postmeta>
		<wp:postmeta>
			<wp:meta_key><![CDATA[total_sales]]></wp:meta_key>
			<wp:meta_value><![CDATA[0]]></wp:meta_value>
		</wp:postmeta>
		<wp:postmeta>
			<wp:meta_key><![CDATA[_tax_status]]></wp:meta_key>
			<wp:meta_value><![CDATA[taxable]]></wp:meta_value>
		</wp:postmeta>
		<wp:postmeta>
			<wp:meta_key><![CDATA[_tax_class]]></wp:meta_key>
			<wp:meta_value><![CDATA[parent]]></wp:meta_value>
		</wp:postmeta>
		<wp:postmeta>
			<wp:meta_key><![CDATA[_manage_stock]]></wp:meta_key>
			<wp:meta_value><![CDATA[no]]></wp:meta_value>
		</wp:postmeta>
		<wp:postmeta>
			<wp:meta_key><![CDATA[_backorders]]></wp:meta_key>
			<wp:meta_value><![CDATA[no]]></wp:meta_value>
		</wp:postmeta>
		<wp:postmeta>
			<wp:meta_key><![CDATA[_low_stock_amount]]></wp:meta_key>
			<wp:meta_value><![CDATA[]]></wp:meta_value>
		</wp:postmeta>
		<wp:postmeta>
			<wp:meta_key><![CDATA[_sold_individually]]></wp:meta_key>
			<wp:meta_value><![CDATA[no]]></wp:meta_value>
		</wp:postmeta>
		<wp:postmeta>
			<wp:meta_key><![CDATA[_weight]]></wp:meta_key>
			<wp:meta_value><![CDATA[]]></wp:meta_value>
		</wp:postmeta>
		<wp:postmeta>
			<wp:meta_key><![CDATA[_length]]></wp:meta_key>
			<wp:meta_value><![CDATA[]]></wp:meta_value>
		</wp:postmeta>
		<wp:postmeta>
			<wp:meta_key><![CDATA[_width]]></wp:meta_key>
			<wp:meta_value><![CDATA[]]></wp:meta_value>
		</wp:postmeta>
		<wp:postmeta>
			<wp:meta_key><![CDATA[_height]]></wp:meta_key>
			<wp:meta_value><![CDATA[]]></wp:meta_value>
		</wp:postmeta>
		<wp:postmeta>
			<wp:meta_key><![CDATA[_upsell_ids]]></wp:meta_key>
			<wp:meta_value><![CDATA[a:0:{}]]></wp:meta_value>
		</wp:postmeta>
		<wp:postmeta>
			<wp:meta_key><![CDATA[_crosssell_ids]]></wp:meta_key>
			<wp:meta_value><![CDATA[a:0:{}]]></wp:meta_value>
		</wp:postmeta>
		<wp:postmeta>
			<wp:meta_key><![CDATA[_purchase_note]]></wp:meta_key>
			<wp:meta_value><![CDATA[]]></wp:meta_value>
		</wp:postmeta>
		<wp:postmeta>
			<wp:meta_key><![CDATA[_default_attributes]]></wp:meta_key>
			<wp:meta_value><![CDATA[a:0:{}]]></wp:meta_value>
		</wp:postmeta>
		<wp:postmeta>
			<wp:meta_key><![CDATA[_virtual]]></wp:meta_key>
			<wp:meta_value><![CDATA[no]]></wp:meta_value>
		</wp:postmeta>
		<wp:postmeta>
			<wp:meta_key><![CDATA[_downloadable]]></wp:meta_key>
			<wp:meta_value><![CDATA[no]]></wp:meta_value>
		</wp:postmeta>
		<wp:postmeta>
			<wp:meta_key><![CDATA[_product_image_gallery]]></wp:meta_key>
			<wp:meta_value><![CDATA[]]></wp:meta_value>
		</wp:postmeta>
		<wp:postmeta>
			<wp:meta_key><![CDATA[_download_limit]]></wp:meta_key>
			<wp:meta_value><![CDATA[-1]]></wp:meta_value>
		</wp:postmeta>
		<wp:postmeta>
			<wp:meta_key><![CDATA[_download_expiry]]></wp:meta_key>
			<wp:meta_value><![CDATA[-1]]></wp:meta_value>
		</wp:postmeta>
		<wp:postmeta>
			<wp:meta_key><![CDATA[_stock]]></wp:meta_key>
			<wp:meta_value><![CDATA[]]></wp:meta_value>
		</wp:postmeta>
		<wp:postmeta>
			<wp:meta_key><![CDATA[_stock_status]]></wp:meta_key>
			<wp:meta_value><![CDATA[instock]]></wp:meta_value>
		</wp:postmeta>
		<wp:postmeta>
			<wp:meta_key><![CDATA[_wc_average_rating]]></wp:meta_key>
			<wp:meta_value><![CDATA[0]]></wp:meta_value>
		</wp:postmeta>
		<wp:postmeta>
			<wp:meta_key><![CDATA[_wc_rating_count]]></wp:meta_key>
			<wp:meta_value><![CDATA[a:0:{}]]></wp:meta_value>
		</wp:postmeta>
		<wp:postmeta>
			<wp:meta_key><![CDATA[_wc_review_count]]></wp:meta_key>
			<wp:meta_value><![CDATA[0]]></wp:meta_value>
		</wp:postmeta>
		<wp:postmeta>
			<wp:meta_key><![CDATA[_downloadable_files]]></wp:meta_key>
			<wp:meta_value><![CDATA[a:0:{}]]></wp:meta_value>
		</wp:postmeta>
		<wp:postmeta>
			<wp:meta_key><![CDATA[attribute_pa_color]]></wp:meta_key>
			<wp:meta_value><![CDATA[red]]></wp:meta_value>
		</wp:postmeta>
		<wp:postmeta>
			<wp:meta_key><![CDATA[_price]]></wp:meta_key>
			<wp:meta_value><![CDATA[327.00]]></wp:meta_value>
		</wp:postmeta>
		<wp:postmeta>
			<wp:meta_key><![CDATA[_product_version]]></wp:meta_key>
			<wp:meta_value><![CDATA[3.5.4]]></wp:meta_value>
		</wp:postmeta>
		<wp:postmeta>
			<wp:meta_key><![CDATA[_thumbnail_id]]></wp:meta_key>
			<wp:meta_value><![CDATA[28]]></wp:meta_value>
		</wp:postmeta>
		<wp:postmeta>
			<wp:meta_key><![CDATA[_wpb_shortcodes_custom_css]]></wp:meta_key>
			<wp:meta_value><![CDATA[]]></wp:meta_value>
		</wp:postmeta>
	</item>
	<item>
		<title>Olay Powder - White</title>
		<link>http://7uptheme.com/wordpress/ridestyle/product/olay-powder/?attribute_pa_color=white</link>
		<pubDate>Fri, 25 Jan 2019 08:43:36 +0000</pubDate>
		<dc:creator><![CDATA[ridestyle]]></dc:creator>
		<guid isPermaLink="false">http://7uptheme.com/wordpress/ridestyle/product/olay-powder/</guid>
		<description></description>
		<content:encoded><![CDATA[]]></content:encoded>
		<excerpt:encoded><![CDATA[]]></excerpt:encoded>
		<wp:post_id>894</wp:post_id>
		<wp:post_date><![CDATA[2019-01-25 08:43:36]]></wp:post_date>
		<wp:post_date_gmt><![CDATA[2019-01-25 08:43:36]]></wp:post_date_gmt>
		<wp:comment_status><![CDATA[closed]]></wp:comment_status>
		<wp:ping_status><![CDATA[closed]]></wp:ping_status>
		<wp:post_name><![CDATA[olay-powder-3]]></wp:post_name>
		<wp:status><![CDATA[publish]]></wp:status>
		<wp:post_parent>227</wp:post_parent>
		<wp:menu_order>4</wp:menu_order>
		<wp:post_type><![CDATA[product_variation]]></wp:post_type>
		<wp:post_password><![CDATA[]]></wp:post_password>
		<wp:is_sticky>0</wp:is_sticky>
		<wp:postmeta>
			<wp:meta_key><![CDATA[_variation_description]]></wp:meta_key>
			<wp:meta_value><![CDATA[]]></wp:meta_value>
		</wp:postmeta>
		<wp:postmeta>
			<wp:meta_key><![CDATA[_sku]]></wp:meta_key>
			<wp:meta_value><![CDATA[adk982]]></wp:meta_value>
		</wp:postmeta>
		<wp:postmeta>
			<wp:meta_key><![CDATA[_regular_price]]></wp:meta_key>
			<wp:meta_value><![CDATA[320.00]]></wp:meta_value>
		</wp:postmeta>
		<wp:postmeta>
			<wp:meta_key><![CDATA[_sale_price]]></wp:meta_key>
			<wp:meta_value><![CDATA[234.00]]></wp:meta_value>
		</wp:postmeta>
		<wp:postmeta>
			<wp:meta_key><![CDATA[_sale_price_dates_from]]></wp:meta_key>
			<wp:meta_value><![CDATA[]]></wp:meta_value>
		</wp:postmeta>
		<wp:postmeta>
			<wp:meta_key><![CDATA[_sale_price_dates_to]]></wp:meta_key>
			<wp:meta_value><![CDATA[]]></wp:meta_value>
		</wp:postmeta>
		<wp:postmeta>
			<wp:meta_key><![CDATA[total_sales]]></wp:meta_key>
			<wp:meta_value><![CDATA[0]]></wp:meta_value>
		</wp:postmeta>
		<wp:postmeta>
			<wp:meta_key><![CDATA[_tax_status]]></wp:meta_key>
			<wp:meta_value><![CDATA[taxable]]></wp:meta_value>
		</wp:postmeta>
		<wp:postmeta>
			<wp:meta_key><![CDATA[_tax_class]]></wp:meta_key>
			<wp:meta_value><![CDATA[parent]]></wp:meta_value>
		</wp:postmeta>
		<wp:postmeta>
			<wp:meta_key><![CDATA[_manage_stock]]></wp:meta_key>
			<wp:meta_value><![CDATA[no]]></wp:meta_value>
		</wp:postmeta>
		<wp:postmeta>
			<wp:meta_key><![CDATA[_backorders]]></wp:meta_key>
			<wp:meta_value><![CDATA[no]]></wp:meta_value>
		</wp:postmeta>
		<wp:postmeta>
			<wp:meta_key><![CDATA[_low_stock_amount]]></wp:meta_key>
			<wp:meta_value><![CDATA[]]></wp:meta_value>
		</wp:postmeta>
		<wp:postmeta>
			<wp:meta_key><![CDATA[_sold_individually]]></wp:meta_key>
			<wp:meta_value><![CDATA[no]]></wp:meta_value>
		</wp:postmeta>
		<wp:postmeta>
			<wp:meta_key><![CDATA[_weight]]></wp:meta_key>
			<wp:meta_value><![CDATA[]]></wp:meta_value>
		</wp:postmeta>
		<wp:postmeta>
			<wp:meta_key><![CDATA[_length]]></wp:meta_key>
			<wp:meta_value><![CDATA[]]></wp:meta_value>
		</wp:postmeta>
		<wp:postmeta>
			<wp:meta_key><![CDATA[_width]]></wp:meta_key>
			<wp:meta_value><![CDATA[]]></wp:meta_value>
		</wp:postmeta>
		<wp:postmeta>
			<wp:meta_key><![CDATA[_height]]></wp:meta_key>
			<wp:meta_value><![CDATA[]]></wp:meta_value>
		</wp:postmeta>
		<wp:postmeta>
			<wp:meta_key><![CDATA[_upsell_ids]]></wp:meta_key>
			<wp:meta_value><![CDATA[a:0:{}]]></wp:meta_value>
		</wp:postmeta>
		<wp:postmeta>
			<wp:meta_key><![CDATA[_crosssell_ids]]></wp:meta_key>
			<wp:meta_value><![CDATA[a:0:{}]]></wp:meta_value>
		</wp:postmeta>
		<wp:postmeta>
			<wp:meta_key><![CDATA[_purchase_note]]></wp:meta_key>
			<wp:meta_value><![CDATA[]]></wp:meta_value>
		</wp:postmeta>
		<wp:postmeta>
			<wp:meta_key><![CDATA[_default_attributes]]></wp:meta_key>
			<wp:meta_value><![CDATA[a:0:{}]]></wp:meta_value>
		</wp:postmeta>
		<wp:postmeta>
			<wp:meta_key><![CDATA[_virtual]]></wp:meta_key>
			<wp:meta_value><![CDATA[no]]></wp:meta_value>
		</wp:postmeta>
		<wp:postmeta>
			<wp:meta_key><![CDATA[_downloadable]]></wp:meta_key>
			<wp:meta_value><![CDATA[no]]></wp:meta_value>
		</wp:postmeta>
		<wp:postmeta>
			<wp:meta_key><![CDATA[_product_image_gallery]]></wp:meta_key>
			<wp:meta_value><![CDATA[]]></wp:meta_value>
		</wp:postmeta>
		<wp:postmeta>
			<wp:meta_key><![CDATA[_download_limit]]></wp:meta_key>
			<wp:meta_value><![CDATA[-1]]></wp:meta_value>
		</wp:postmeta>
		<wp:postmeta>
			<wp:meta_key><![CDATA[_download_expiry]]></wp:meta_key>
			<wp:meta_value><![CDATA[-1]]></wp:meta_value>
		</wp:postmeta>
		<wp:postmeta>
			<wp:meta_key><![CDATA[_stock]]></wp:meta_key>
			<wp:meta_value><![CDATA[]]></wp:meta_value>
		</wp:postmeta>
		<wp:postmeta>
			<wp:meta_key><![CDATA[_stock_status]]></wp:meta_key>
			<wp:meta_value><![CDATA[instock]]></wp:meta_value>
		</wp:postmeta>
		<wp:postmeta>
			<wp:meta_key><![CDATA[_wc_average_rating]]></wp:meta_key>
			<wp:meta_value><![CDATA[0]]></wp:meta_value>
		</wp:postmeta>
		<wp:postmeta>
			<wp:meta_key><![CDATA[_wc_rating_count]]></wp:meta_key>
			<wp:meta_value><![CDATA[a:0:{}]]></wp:meta_value>
		</wp:postmeta>
		<wp:postmeta>
			<wp:meta_key><![CDATA[_wc_review_count]]></wp:meta_key>
			<wp:meta_value><![CDATA[0]]></wp:meta_value>
		</wp:postmeta>
		<wp:postmeta>
			<wp:meta_key><![CDATA[_downloadable_files]]></wp:meta_key>
			<wp:meta_value><![CDATA[a:0:{}]]></wp:meta_value>
		</wp:postmeta>
		<wp:postmeta>
			<wp:meta_key><![CDATA[attribute_pa_color]]></wp:meta_key>
			<wp:meta_value><![CDATA[white]]></wp:meta_value>
		</wp:postmeta>
		<wp:postmeta>
			<wp:meta_key><![CDATA[_price]]></wp:meta_key>
			<wp:meta_value><![CDATA[234.00]]></wp:meta_value>
		</wp:postmeta>
		<wp:postmeta>
			<wp:meta_key><![CDATA[_product_version]]></wp:meta_key>
			<wp:meta_value><![CDATA[3.5.4]]></wp:meta_value>
		</wp:postmeta>
		<wp:postmeta>
			<wp:meta_key><![CDATA[_thumbnail_id]]></wp:meta_key>
			<wp:meta_value><![CDATA[26]]></wp:meta_value>
		</wp:postmeta>
		<wp:postmeta>
			<wp:meta_key><![CDATA[_wpb_shortcodes_custom_css]]></wp:meta_key>
			<wp:meta_value><![CDATA[]]></wp:meta_value>
		</wp:postmeta>
	</item>
	<item>
		<title>Olay Powder - Blue</title>
		<link>http://7uptheme.com/wordpress/ridestyle/product/olay-powder/?attribute_pa_color=blue</link>
		<pubDate>Fri, 25 Jan 2019 09:18:07 +0000</pubDate>
		<dc:creator><![CDATA[ridestyle]]></dc:creator>
		<guid isPermaLink="false">http://7uptheme.com/wordpress/ridestyle/product/olay-powder/</guid>
		<description></description>
		<content:encoded><![CDATA[]]></content:encoded>
		<excerpt:encoded><![CDATA[]]></excerpt:encoded>
		<wp:post_id>895</wp:post_id>
		<wp:post_date><![CDATA[2019-01-25 09:18:07]]></wp:post_date>
		<wp:post_date_gmt><![CDATA[2019-01-25 09:18:07]]></wp:post_date_gmt>
		<wp:comment_status><![CDATA[closed]]></wp:comment_status>
		<wp:ping_status><![CDATA[closed]]></wp:ping_status>
		<wp:post_name><![CDATA[olay-powder-4]]></wp:post_name>
		<wp:status><![CDATA[publish]]></wp:status>
		<wp:post_parent>227</wp:post_parent>
		<wp:menu_order>0</wp:menu_order>
		<wp:post_type><![CDATA[product_variation]]></wp:post_type>
		<wp:post_password><![CDATA[]]></wp:post_password>
		<wp:is_sticky>0</wp:is_sticky>
		<wp:postmeta>
			<wp:meta_key><![CDATA[_variation_description]]></wp:meta_key>
			<wp:meta_value><![CDATA[]]></wp:meta_value>
		</wp:postmeta>
		<wp:postmeta>
			<wp:meta_key><![CDATA[_sku]]></wp:meta_key>
			<wp:meta_value><![CDATA[khda27]]></wp:meta_value>
		</wp:postmeta>
		<wp:postmeta>
			<wp:meta_key><![CDATA[_regular_price]]></wp:meta_key>
			<wp:meta_value><![CDATA[726.00]]></wp:meta_value>
		</wp:postmeta>
		<wp:postmeta>
			<wp:meta_key><![CDATA[_sale_price]]></wp:meta_key>
			<wp:meta_value><![CDATA[]]></wp:meta_value>
		</wp:postmeta>
		<wp:postmeta>
			<wp:meta_key><![CDATA[_sale_price_dates_from]]></wp:meta_key>
			<wp:meta_value><![CDATA[]]></wp:meta_value>
		</wp:postmeta>
		<wp:postmeta>
			<wp:meta_key><![CDATA[_sale_price_dates_to]]></wp:meta_key>
			<wp:meta_value><![CDATA[]]></wp:meta_value>
		</wp:postmeta>
		<wp:postmeta>
			<wp:meta_key><![CDATA[total_sales]]></wp:meta_key>
			<wp:meta_value><![CDATA[0]]></wp:meta_value>
		</wp:postmeta>
		<wp:postmeta>
			<wp:meta_key><![CDATA[_tax_status]]></wp:meta_key>
			<wp:meta_value><![CDATA[taxable]]></wp:meta_value>
		</wp:postmeta>
		<wp:postmeta>
			<wp:meta_key><![CDATA[_tax_class]]></wp:meta_key>
			<wp:meta_value><![CDATA[parent]]></wp:meta_value>
		</wp:postmeta>
		<wp:postmeta>
			<wp:meta_key><![CDATA[_manage_stock]]></wp:meta_key>
			<wp:meta_value><![CDATA[no]]></wp:meta_value>
		</wp:postmeta>
		<wp:postmeta>
			<wp:meta_key><![CDATA[_backorders]]></wp:meta_key>
			<wp:meta_value><![CDATA[no]]></wp:meta_value>
		</wp:postmeta>
		<wp:postmeta>
			<wp:meta_key><![CDATA[_low_stock_amount]]></wp:meta_key>
			<wp:meta_value><![CDATA[]]></wp:meta_value>
		</wp:postmeta>
		<wp:postmeta>
			<wp:meta_key><![CDATA[_sold_individually]]></wp:meta_key>
			<wp:meta_value><![CDATA[no]]></wp:meta_value>
		</wp:postmeta>
		<wp:postmeta>
			<wp:meta_key><![CDATA[_weight]]></wp:meta_key>
			<wp:meta_value><![CDATA[]]></wp:meta_value>
		</wp:postmeta>
		<wp:postmeta>
			<wp:meta_key><![CDATA[_length]]></wp:meta_key>
			<wp:meta_value><![CDATA[]]></wp:meta_value>
		</wp:postmeta>
		<wp:postmeta>
			<wp:meta_key><![CDATA[_width]]></wp:meta_key>
			<wp:meta_value><![CDATA[]]></wp:meta_value>
		</wp:postmeta>
		<wp:postmeta>
			<wp:meta_key><![CDATA[_height]]></wp:meta_key>
			<wp:meta_value><![CDATA[]]></wp:meta_value>
		</wp:postmeta>
		<wp:postmeta>
			<wp:meta_key><![CDATA[_upsell_ids]]></wp:meta_key>
			<wp:meta_value><![CDATA[a:0:{}]]></wp:meta_value>
		</wp:postmeta>
		<wp:postmeta>
			<wp:meta_key><![CDATA[_crosssell_ids]]></wp:meta_key>
			<wp:meta_value><![CDATA[a:0:{}]]></wp:meta_value>
		</wp:postmeta>
		<wp:postmeta>
			<wp:meta_key><![CDATA[_purchase_note]]></wp:meta_key>
			<wp:meta_value><![CDATA[]]></wp:meta_value>
		</wp:postmeta>
		<wp:postmeta>
			<wp:meta_key><![CDATA[_default_attributes]]></wp:meta_key>
			<wp:meta_value><![CDATA[a:0:{}]]></wp:meta_value>
		</wp:postmeta>
		<wp:postmeta>
			<wp:meta_key><![CDATA[_virtual]]></wp:meta_key>
			<wp:meta_value><![CDATA[no]]></wp:meta_value>
		</wp:postmeta>
		<wp:postmeta>
			<wp:meta_key><![CDATA[_downloadable]]></wp:meta_key>
			<wp:meta_value><![CDATA[no]]></wp:meta_value>
		</wp:postmeta>
		<wp:postmeta>
			<wp:meta_key><![CDATA[_product_image_gallery]]></wp:meta_key>
			<wp:meta_value><![CDATA[]]></wp:meta_value>
		</wp:postmeta>
		<wp:postmeta>
			<wp:meta_key><![CDATA[_download_limit]]></wp:meta_key>
			<wp:meta_value><![CDATA[-1]]></wp:meta_value>
		</wp:postmeta>
		<wp:postmeta>
			<wp:meta_key><![CDATA[_download_expiry]]></wp:meta_key>
			<wp:meta_value><![CDATA[-1]]></wp:meta_value>
		</wp:postmeta>
		<wp:postmeta>
			<wp:meta_key><![CDATA[_stock]]></wp:meta_key>
			<wp:meta_value><![CDATA[]]></wp:meta_value>
		</wp:postmeta>
		<wp:postmeta>
			<wp:meta_key><![CDATA[_stock_status]]></wp:meta_key>
			<wp:meta_value><![CDATA[instock]]></wp:meta_value>
		</wp:postmeta>
		<wp:postmeta>
			<wp:meta_key><![CDATA[_wc_average_rating]]></wp:meta_key>
			<wp:meta_value><![CDATA[0]]></wp:meta_value>
		</wp:postmeta>
		<wp:postmeta>
			<wp:meta_key><![CDATA[_wc_rating_count]]></wp:meta_key>
			<wp:meta_value><![CDATA[a:0:{}]]></wp:meta_value>
		</wp:postmeta>
		<wp:postmeta>
			<wp:meta_key><![CDATA[_wc_review_count]]></wp:meta_key>
			<wp:meta_value><![CDATA[0]]></wp:meta_value>
		</wp:postmeta>
		<wp:postmeta>
			<wp:meta_key><![CDATA[_downloadable_files]]></wp:meta_key>
			<wp:meta_value><![CDATA[a:0:{}]]></wp:meta_value>
		</wp:postmeta>
		<wp:postmeta>
			<wp:meta_key><![CDATA[attribute_pa_color]]></wp:meta_key>
			<wp:meta_value><![CDATA[blue]]></wp:meta_value>
		</wp:postmeta>
		<wp:postmeta>
			<wp:meta_key><![CDATA[_price]]></wp:meta_key>
			<wp:meta_value><![CDATA[726.00]]></wp:meta_value>
		</wp:postmeta>
		<wp:postmeta>
			<wp:meta_key><![CDATA[_product_version]]></wp:meta_key>
			<wp:meta_value><![CDATA[3.5.4]]></wp:meta_value>
		</wp:postmeta>
		<wp:postmeta>
			<wp:meta_key><![CDATA[_thumbnail_id]]></wp:meta_key>
			<wp:meta_value><![CDATA[58]]></wp:meta_value>
		</wp:postmeta>
		<wp:postmeta>
			<wp:meta_key><![CDATA[_wpb_shortcodes_custom_css]]></wp:meta_key>
			<wp:meta_value><![CDATA[]]></wp:meta_value>
		</wp:postmeta>
	</item>
</channel>
</rss>
