{"last_tab":"9","skin_color":"","page_layout":"fullwidth","enable_backtotop":"1","map_api_key":"","header_layout":"header-1","header_logo":{"url":"","id":"","height":"","width":"","thumbnail":"","title":"","caption":"","alt":"","description":""},"hm_logo":{"url":"","id":"","height":"","width":"","thumbnail":"","title":"","caption":"","alt":"","description":""},"hm_my_account_menu":"my-account","hm_text_login":"Sign in or Register","hm_text_login_url":"","hm_text_create_project":"Create A Project","hm_create_project_url":"#","breadcrumb_show_title":"1","breadcrumb_padding_top":"135","breadcrumb_padding_bottom":"135","breadcrumb_background_color":"#192437","breadcrumb_background_opacity":"20","breadcrumb_image":"1","breadcrumb_background_image":{"url":"https:\/\/gaviaspreview.com\/wp\/indutri\/wp-content\/uploads\/2015\/12\/breadcrumb.jpg","id":"10181","height":"520","width":"1920","thumbnail":"https:\/\/gaviaspreview.com\/wp\/indutri\/wp-content\/uploads\/2015\/12\/breadcrumb-180x180.jpg","title":"","caption":"","alt":"","description":""},"breadcrumb_text_stype":"text-light","breadcrumb_text_align":"text-left","footer_layout":"footer-version-1","copyright_default":"no","copyright_text":"Copyright - 2020 - Company - All rights reserved. Powered by WordPress.","main_color":"","main_background_color":"","main_background_image":{"url":"","id":"","height":"","width":"","thumbnail":"","title":"","caption":"","alt":"","description":""},"main_background_image_type":"fixed","content_background_color":"","content_font_color":"","content_font_color_link":"","content_font_color_link_hover":"","footer_background_color":"","footer_font_color":"","footer_font_color_link":"","footer_font_color_link_hover":"","main_font_source":"1","main_font":{"font-family":"Open Sans","font-options":"","google":"1","subsets":""},"secondary_font_source":"0","secondary_font":{"font-family":"Open Sans","font-options":"","google":"1","subsets":""},"blog_columns_lg":"2","blog_columns_md":"2","blog_columns_sm":"1","blog_columns_xs":"1","archive_post_sidebar":"right-sidebar","archive_post_left_sidebar":"blog_sidebar","archive_post_right_sidebar":"blog_sidebar","blog_excerpt_limit":"30","single_post_sidebar":"right-sidebar","single_post_left_sidebar":"blog_sidebar","single_post_right_sidebar":"blog_sidebar","default_show_page_heading":"1","default_sidebar_config":"no-sidebars","default_left_sidebar":"","default_right_sidebar":"","products_per_page":"24","product_display_layout":"","product_columns_lg":"3","product_columns_md":"3","product_columns_sm":"2","product_columns_xs":"1","woo_sidebar_config":"no-sidebars","woo_left_sidebar":"woocommerce_sidebar","woo_right_sidebar":"woocommerce_sidebar","woo_breadcrumb_show_title":"1","woo_breadcrumb_padding_top":"110","woo_breadcrumb_padding_bottom":"100","woo_breadcrumb_background_color":"","woo_breadcrumb_background_opacity":"50","woo_breadcrumb_image":"1","woo_breadcrumb_background_image":{"url":"https:\/\/gaviaspreview.com\/wp\/indutri\/wp-content\/uploads\/2015\/12\/breadcrumb.jpg","id":"10181","height":"520","width":"1920","thumbnail":"https:\/\/gaviaspreview.com\/wp\/indutri\/wp-content\/uploads\/2015\/12\/breadcrumb-180x180.jpg","title":"","caption":"","alt":"","description":""},"woo_breadcrumb_text_stype":"text-light","woo_breadcrumb_text_align":"text-center","upsell_heading_text":"Complete the look","related_heading_text":"Similar Projects","related_subheading_text":"Businesses You Can Back","slug_portfolio":"portfolio","portfolio_columns_lg":"3","portfolio_columns_md":"2","portfolio_columns_sm":"2","portfolio_columns_xs":"1","archive_portfolio_sidebar":"no-sidebars","archive_portfolio_left_sidebar":"portfolio_sidebar","archive_portfolio_right_sidebar":"portfolio_sidebar","single_portfolio_sidebar":"right-sidebar","single_portfolio_left_sidebar":"portfolio_sidebar","single_portfolio_right_sidebar":"portfolio_sidebar","single_event_sidebar":"no-sidebars","single_event_left_sidebar":"","single_event_right_sidebar":"","slug_service":"service","service_columns_lg":"3","service_columns_md":"2","service_columns_sm":"2","service_columns_xs":"1","archive_service_sidebar":"no-sidebars","archive_service_left_sidebar":"service_sidebar","archive_service_right_sidebar":"service_sidebar","single_service_sidebar":"right-sidebar","single_service_left_sidebar":"service_sidebar","single_service_right_sidebar":"service_sidebar","social_facebook":"","social_instagram":"","social_twitter":"","social_googleplus":"","social_linkedin":"","social_pinterest":"","social_rss":"","social_tumblr":"","social_vimeo":"","social_youtube":"","redux-backup":"1"}